<?xml version="1.0" encoding="UTF-8"?>
<!-- 
    
    DECOR-ucum
    Copyright (C) 2009-2015 Dr. Kai U. Heitmann
    
    This program is free software; you can redistribute it and/or modify it under the terms 
    of the GNU General Public License as published by the Free Software Foundation; 
    either version 3 of the License, or (at your option) any later version.
    
    This program is distributed in the hope that it will be useful, but WITHOUT ANY WARRANTY; 
    without even the implied warranty of MERCHANTABILITY or FITNESS FOR A PARTICULAR PURPOSE. 
    See the GNU General Public License for more details.
    
    See http://www.gnu.org/licenses/gpl.html
    
    Parts of this file has been contributed by Grahame Grieve
    
    The Unified Code for Units of Measure (UCUM) Copyright © 1999-2011 Regenstrief Institute, Inc. and The UCUM Organization, Indianapolis, IN. 
    All rights reserved. 
    * This table of examples does not include all possible UCUM codes.  
    It does include those needed for routine laboratory and clinical measures.  
    See http://unitsofmeasure.org for the full UCUM specification.  
    This table was compiled by the National Library of Medicine, National Institutes of Health, 
    U.S. Department of Health and Human Services with content contributions from 
    Intermountain Healthcare and the Regenstrief Institute.
    
-->
<ucums xmlns:xsi="http://www.w3.org/2001/XMLSchema-instance" xsi:noNamespaceSchemaLocation="DECOR-ucum.xsd">
    <ucum unit="m" displayName="" message="OK"/>
    <ucum unit="m/" displayName="" message="UCUM-error: / is not followed by a term"/>
    <ucum unit="" displayName="" message="OK"/>
    <ucum unit="1" displayName="" message="OK"/>
    <ucum unit="/m" displayName="" message="OK"/>
    <ucum unit="10*3/ul" displayName="" message="OK"/>
    <ucum unit="10*-3/ul" displayName="" message="OK"/>
    <ucum unit="10*+3/ul" displayName="" message="OK"/>
    <ucum unit="10+3/ul" displayName="" message="UCUM-error: 10+3 is not a valid unit - should be 10*3"/>
    <ucum unit="m" displayName="" message="OK"/>
    <ucum unit="m[H2O]" displayName="" message="OK"/>
    <ucum unit="10*23" displayName="" message="OK"/>
    <ucum unit="rad2" displayName="" message="OK"/>
    <ucum unit="m3.kg-1.s-2" displayName="" message="OK"/>
    <ucum unit="4.[pi].10*-7.N/A2" displayName="" message="OK"/>
    <ucum unit="%" displayName="" message="OK"/>
    <ucum unit="[cup_us]" displayName="" message="OK"/>
    <ucum unit="[foz_br]" displayName="" message="OK"/>
    <ucum unit="[ft_i]" displayName="" message="OK"/>
    <ucum unit="[in_i]" displayName="" message="OK"/>
    <ucum unit="[yd_i]" displayName="" message="OK"/>
    <ucum unit="[gal_br]" displayName="" message="OK"/>
    <ucum unit="[lb_av]" displayName="" message="OK"/>
    <ucum unit="[oz_av]" displayName="" message="OK"/>
    <ucum unit="[pt_br]" displayName="" message="OK"/>
    <ucum unit="[qt_br]" displayName="" message="OK"/>
    <ucum unit="[sft_i]" displayName="" message="OK"/>
    <ucum unit="[sin_i]" displayName="" message="OK"/>
    <ucum unit="[syd_i]" displayName="" message="OK"/>
    <ucum unit="[tbs_us]" displayName="" message="OK"/>
    <ucum unit="[tsp_us]" displayName="" message="OK"/>
    <ucum unit="1/d" displayName="" message="OK"/>
    <ucum unit="1/min" displayName="" message="OK"/>
    <ucum unit="a" displayName="" message="OK"/>
    <ucum unit="cm" displayName="" message="OK"/>
    <ucum unit="cm2" displayName="" message="OK"/>
    <ucum unit="cm3" displayName="" message="OK"/>
    <ucum unit="d" displayName="" message="OK"/>
    <ucum unit="dg" displayName="" message="OK"/>
    <ucum unit="dl" displayName="" message="OK"/>
    <ucum unit="g" displayName="" message="OK"/>
    <ucum unit="g/d" displayName="" message="OK"/>
    <ucum unit="g/l" displayName="" message="OK"/>
    <ucum unit="h" displayName="" message="OK"/>
    <ucum unit="iU" displayName="" message="UCUM-error: iU needs [] around it - should be [iU]"/>
    <ucum unit="kg" displayName="" message="OK"/>
    <ucum unit="l" displayName="" message="OK"/>
    <ucum unit="m" displayName="" message="OK"/>
    <ucum unit="mm" displayName="" message="OK"/>
    <ucum unit="m2" displayName="" message="OK"/>
    <ucum unit="meq" displayName="" message="OK"/>
    <ucum unit="mg" displayName="" message="OK"/>
    <ucum unit="mg" displayName="" message="OK"/>
    <ucum unit="mg/d" displayName="" message="OK"/>
    <ucum unit="min" displayName="" message="OK"/>
    <ucum unit="ml" displayName="" message="OK"/>
    <ucum unit="ml/s" displayName="" message="OK"/>
    <ucum unit="mm[Hg]" displayName="" message="OK"/>
    <ucum unit="mm2" displayName="" message="OK"/>
    <ucum unit="mm3" displayName="" message="OK"/>
    <ucum unit="mmol" displayName="" message="OK"/>
    <ucum unit="mmol/l" displayName="" message="OK"/>
    <ucum unit="mo" displayName="" message="OK"/>
    <ucum unit="mol" displayName="" message="OK"/>
    <ucum unit="ms" displayName="" message="OK"/>
    <ucum unit="mU" displayName="" message="OK"/>
    <ucum unit="ng" displayName="" message="OK"/>
    <ucum unit="ng" displayName="" message="OK"/>
    <ucum unit="nl" displayName="" message="OK"/>
    <ucum unit="nl" displayName="" message="OK"/>
    <ucum unit="pg/ml" displayName="" message="OK"/>
    <ucum unit="s" displayName="" message="OK"/>
    <ucum unit="U" displayName="" message="OK"/>
    <ucum unit="U/l" displayName="" message="OK"/>
    <ucum unit="ug" displayName="" message="OK"/>
    <ucum unit="ug/min" displayName="" message="OK"/>
    <ucum unit="ul" displayName="" message="OK"/>
    <ucum unit="umol" displayName="" message="OK"/>
    <ucum unit="umol/l" displayName="" message="OK"/>
    <ucum unit="wk" displayName="" message="OK"/>
    <ucum unit="[cup_us]" displayName="" message="OK"/>
    <ucum unit="[foz_br]" displayName="" message="OK"/>
    <ucum unit="[gal_br]" displayName="" message="OK"/>
    <ucum unit="[sft_i]" displayName="" message="OK"/>
    <ucum unit="[sin_i]" displayName="" message="OK"/>
    <ucum unit="[lb_av]" displayName="" message="OK"/>
    <ucum unit="[oz_av]" displayName="" message="OK"/>
    <ucum unit="[pt_br]" displayName="" message="OK"/>
    <ucum unit="[qt_br]" displayName="" message="OK"/>
    <ucum unit="[tbs_us]" displayName="" message="OK"/>
    <ucum unit="[tsp_us]" displayName="" message="OK"/>
    <ucum unit="[syd_i]" displayName="" message="OK"/>
    <ucum unit="cm2" displayName="" message="OK"/>
    <ucum unit="cm3" displayName="" message="OK"/>
    <ucum unit="g" displayName="" message="OK"/>
    <ucum unit="kg" displayName="" message="OK"/>
    <ucum unit="l" displayName="" message="OK"/>
    <ucum unit="m2" displayName="" message="OK"/>
    <ucum unit="meq" displayName="" message="OK"/>
    <ucum unit="mg" displayName="" message="OK"/>
    <ucum unit="ml" displayName="" message="OK"/>
    <ucum unit="mm2" displayName="" message="OK"/>
    <ucum unit="mm3" displayName="" message="OK"/>
    <ucum unit="mmol" displayName="" message="OK"/>
    <ucum unit="molv" displayName="" message="UCUM-error: molv is not a valid unit"/>
    <ucum unit="mU" displayName="" message="OK"/>
    <ucum unit="ng" displayName="" message="OK"/>
    <ucum unit="nl" displayName="" message="OK"/>
    <ucum unit="U" displayName="" message="OK"/>
    <ucum unit="ug" displayName="" message="OK"/>
    <ucum unit="ul" displayName="" message="OK"/>
    <ucum unit="umol" displayName="" message="OK"/>
    <ucum unit="a" displayName="" message="OK"/>
    <ucum unit="d" displayName="" message="OK"/>
    <ucum unit="h" displayName="" message="OK"/>
    <ucum unit="min" displayName="" message="OK"/>
    <ucum unit="mo" displayName="" message="OK"/>
    <ucum unit="s" displayName="" message="OK"/>
    <ucum unit="wk" displayName="" message="OK"/>
    <ucum unit="[ft_i]" displayName="" message="OK"/>
    <ucum unit="[in_i]" displayName="" message="OK"/>
    <ucum unit="[lb_av]" displayName="" message="OK"/>
    <ucum unit="[oz_av]" displayName="" message="OK"/>
    <ucum unit="[yd_i]" displayName="" message="OK"/>
    <ucum unit="cm" displayName="" message="OK"/>
    <ucum unit="g" displayName="" message="OK"/>
    <ucum unit="kg" displayName="" message="OK"/>
    <ucum unit="m" displayName="" message="OK"/>
    <ucum unit="mm" displayName="" message="OK"/>
    <ucum unit="[mi_us]" displayName="" message="OK"/>
    <ucum unit="[yd_i]" displayName="" message="OK"/>
    <ucum unit="deg" displayName="" message="OK"/>
    <ucum unit="km" displayName="" message="OK"/>
    <ucum unit="m" displayName="" message="OK"/>
    <ucum unit="/[HPF]" displayName="" message="OK"/>
    <ucum unit="/[LPF]" displayName="" message="OK"/>
    <ucum unit="/L" displayName="" message="OK"/>
    <ucum unit="/mL" displayName="" message="OK"/>
    <ucum unit="/mmol" displayName="" message="OK"/>
    <ucum unit="[APL'U]" displayName="" message="OK"/>
    <ucum unit="[BETH'U]" displayName="" message="UCUM-error: not a valid unit"/>
    <ucum unit="[GPL'U]" displayName="" message="OK"/>
    <ucum unit="[IU]" displayName="" message="UCUM-error: not a valid unit (IU) - should be [iU]"/>
    <ucum unit="[IU]/d" displayName="" message="UCUM-error: not a valid unit (IU) - should be [iU]"/>
    <ucum unit="[IU]/L" displayName="" message="UCUM-error: not a valid unit (IU) - should be [iU]"/>
    <ucum unit="[IU]/mL" displayName="" message="UCUM-error: not a valid unit (IU) - should be [iU]"/>
    <ucum unit="[MPL'U]" displayName="" message="OK"/>
    <ucum unit="10*12/L" displayName="" message="OK"/>
    <ucum unit="10*6/L" displayName="" message="OK"/>
    <ucum unit="10*9/L" displayName="" message="OK"/>
    <ucum unit="Cel" displayName="" message="OK"/>
    <ucum unit="cm" displayName="" message="OK"/>
    <ucum unit="cm/s" displayName="" message="OK"/>
    <ucum unit="fL" displayName="" message="OK"/>
    <ucum unit="fmol/L" displayName="" message="OK"/>
    <ucum unit="g" displayName="" message="OK"/>
    <ucum unit="g/12h" displayName="" message="UCUM-error: not a valid unit (12h) - should be 12.h"/>
    <ucum unit="g/48h" displayName="" message="UCUM-error: not a valid unit (48h) - should be 48.h"/>
    <ucum unit="g/4h" displayName="" message="UCUM-error: not a valid unit (4h) - should be 4.h"/>
    <ucum unit="g/6h" displayName="" message="UCUM-error: not a valid unit (6h) - should be 6.h"/>
    <ucum unit="g/72h" displayName="" message="UCUM-error: not a valid unit (72h) - should be 72.h"/>
    <ucum unit="g/d" displayName="" message="OK"/>
    <ucum unit="g/g" displayName="" message="OK"/>
    <ucum unit="g/L" displayName="" message="OK"/>
    <ucum unit="h" displayName="" message="OK"/>
    <ucum unit="km" displayName="" message="OK"/>
    <ucum unit="kU/L" displayName="" message="OK"/>
    <ucum unit="L/L" displayName="" message="OK"/>
    <ucum unit="m[IU]/L" displayName="" message="UCUM-error: not a valid unit (IU) - should be [iU]"/>
    <ucum unit="mg" displayName="" message="OK"/>
    <ucum unit="mg/12h" displayName="" message="UCUM-error: not a valid unit (12h)"/>
    <ucum unit="mg/d" displayName="" message="OK"/>
    <ucum unit="mg/g" displayName="" message="OK"/>
    <ucum unit="mg/L" displayName="" message="OK"/>
    <ucum unit="mg/mg" displayName="" message="OK"/>
    <ucum unit="mg/mL" displayName="" message="OK"/>
    <ucum unit="min" displayName="" message="OK"/>
    <ucum unit="mL" displayName="" message="OK"/>
    <ucum unit="mL/10h" displayName="" message="UCUM-error: not a valid unit (10h) - should be 10.h"/>
    <ucum unit="mL/12h" displayName="" message="UCUM-error: not a valid unit (12h) - should be 12.h"/>
    <ucum unit="mL/2h" displayName="" message="UCUM-error: not a valid unit (2h) - should be 2.h"/>
    <ucum unit="mL/4h" displayName="" message="UCUM-error: not a valid unit (4h) - should be 4.h"/>
    <ucum unit="mL/5h" displayName="" message="UCUM-error: not a valid unit (5h) - should be 5.h"/>
    <ucum unit="mL/6h" displayName="" message="UCUM-error: not a valid unit (6h) - should be 6.h"/>
    <ucum unit="mL/72h" displayName="" message="UCUM-error: not a valid unit (72h) - should be 72.h"/>
    <ucum unit="mL/8h" displayName="" message="UCUM-error: not a valid unit (8h) - should be 8.h"/>
    <ucum unit="mL/d" displayName="" message="OK"/>
    <ucum unit="mL/min" displayName="" message="OK"/>
    <ucum unit="mm" displayName="" message="OK"/>
    <ucum unit="mm/h" displayName="" message="OK"/>
    <ucum unit="mm[Hg]" displayName="" message="OK"/>
    <ucum unit="mmol" displayName="" message="OK"/>
    <ucum unit="mmol/12h" displayName="" message="UCUM-error: not a valid unit (12h) - should be 12.h"/>
    <ucum unit="mmol/5h" displayName="" message="UCUM-error: not a valid unit (5h) - should be 5.h"/>
    <ucum unit="mmol/6h" displayName="" message="UCUM-error: not a valid unit (6h) - should be 6.h"/>
    <ucum unit="mmol/d" displayName="" message="OK"/>
    <ucum unit="mmol/g" displayName="" message="OK"/>
    <ucum unit="mmol/kg" displayName="" message="OK"/>
    <ucum unit="mmol/kg[H20]" displayName="" message="UCUM-error: not a valid unit (kg[H20])"/>
    <ucum unit="mmol/L" displayName="" message="OK"/>
    <ucum unit="mmol/mmol" displayName="" message="OK"/>
    <ucum unit="mU/L" displayName="" message="OK"/>
    <ucum unit="ng/d" displayName="" message="OK"/>
    <ucum unit="ng/g" displayName="" message="OK"/>
    <ucum unit="ng/L" displayName="" message="OK"/>
    <ucum unit="ng/mL" displayName="" message="OK"/>
    <ucum unit="nmol/d" displayName="" message="OK"/>
    <ucum unit="nmol/g" displayName="" message="OK"/>
    <ucum unit="nmol/h/mL" displayName="" message="OK"/>
    <ucum unit="nmol/L" displayName="" message="OK"/>
    <ucum unit="nmol/mmol" displayName="" message="OK"/>
    <ucum unit="nmol/nmol" displayName="" message="OK"/>
    <ucum unit="pg" displayName="" message="OK"/>
    <ucum unit="pg/mL" displayName="" message="OK"/>
    <ucum unit="pmol/d" displayName="" message="OK"/>
    <ucum unit="pmol/g" displayName="" message="OK"/>
    <ucum unit="pmol/h/mg" displayName="" message="OK"/>
    <ucum unit="pmol/h/mL" displayName="" message="OK"/>
    <ucum unit="pmol/L" displayName="" message="OK"/>
    <ucum unit="pmol/mmol" displayName="" message="OK"/>
    <ucum unit="s" displayName="" message="OK"/>
    <ucum unit="U" displayName="" message="OK"/>
    <ucum unit="U/12h" displayName="" message="UCUM-error: not a valid unit (12h) - should be 12.h"/>
    <ucum unit="U/1h" displayName="" message="UCUM-error: not a valid unit (1h) - should be 1.h"/>
    <ucum unit="U/2h" displayName="" message="UCUM-error: not a valid unit (2h) - should be 2.h"/>
    <ucum unit="U/d" displayName="" message="OK"/>
    <ucum unit="U/g" displayName="" message="OK"/>
    <ucum unit="U/kg" displayName="" message="OK"/>
    <ucum unit="U/L" displayName="" message="OK"/>
    <ucum unit="U/mL" displayName="" message="OK"/>
    <ucum unit="u[IU]/mL" displayName="" message="UCUM-error: not a valid unit (IU)  - should be [iU]"/>
    <ucum unit="ug" displayName="" message="OK"/>
    <ucum unit="ug/d" displayName="" message="OK"/>
    <ucum unit="ug/g" displayName="" message="OK"/>
    <ucum unit="ug/L" displayName="" message="OK"/>
    <ucum unit="ug/mL" displayName="" message="OK"/>
    <ucum unit="um/s" displayName="" message="OK"/>
    <ucum unit="umol" displayName="" message="OK"/>
    <ucum unit="umol/2.h" displayName="" message="OK"/>
    <ucum unit="umol/d" displayName="" message="OK"/>
    <ucum unit="umol/g" displayName="" message="OK"/>
    <ucum unit="umol/L" displayName="" message="OK"/>
    <ucum unit="umol/mmol" displayName="" message="OK"/>
    <ucum unit="umol/umol" displayName="" message="OK"/>
    <ucum unit="wk" displayName="" message="OK"/>
    <!-- following from LOINC -->
    <ucum unit="10.L/min" displayName="10 liter per minute" message="OK"/>
    <ucum unit="10.L/(min.m2)" displayName="10 liter per minute per square meter" message="OK"/>
    <ucum unit="10.uN.s/(cm5.m2)" displayName="10 micronewton second per centimeter to the fifth power per square meter" message="OK"/>
    <ucum unit="10*4/uL" displayName="10 thousand per microliter" message="OK"/>
    <ucum unit="10*8" displayName="100 million " message="OK"/>
    <ucum unit="24.h" displayName="24 hour" message="OK"/>
    <ucum unit="{absorbance}" displayName="absorbance" message="OK"/>
    <ucum unit="{activity}" displayName="activity" message="OK"/>
    <ucum unit="[AU]" displayName="allergy unit" message="OK"/>
    <ucum unit="{AHF’U}" displayName="American Hospital Formulary unit" message="OK"/>
    <ucum unit="A" displayName="ampere" message="OK"/>
    <ucum unit="A/m" displayName="ampere per meter" message="OK"/>
    <ucum unit="[arb'U]" displayName="arbitrary unit" message="OK"/>
    <ucum unit="[arb'U]/mL" displayName="arbitrary unit per milliliter" message="OK"/>
    <ucum unit="{ARU}" displayName="aspirin response unit" message="OK"/>
    <ucum unit="atm" displayName="atmosphere" message="OK"/>
    <ucum unit="ag/{cell}" displayName="attogram per cell" message="OK"/>
    <ucum unit="bar" displayName="bar" message="OK"/>
    <ucum unit="Bq" displayName="Becquerel" message="OK"/>
    <ucum unit="[beth’U]" displayName="Bethesda unit" message="OK"/>
    <ucum unit="10*9/L" displayName="billion per liter" message="OK"/>
    <ucum unit="10*9/uL" displayName="billion per microliter" message="OK"/>
    <ucum unit="10*9/mL" displayName="billion per milliliter" message="OK"/>
    <ucum unit="{binding_index}" displayName="binding index" message="OK"/>
    <ucum unit="[bdsk'U]" displayName="Bodansky unit" message="OK"/>
    <ucum unit="{CAG_repeats}" displayName="CAG trinucleotide repeats" message="OK"/>
    <ucum unit="cal" displayName="calorie" message="OK"/>
    <ucum unit="{cells}" displayName="cells" message="OK"/>
    <ucum unit="{cells}/[HPF]" displayName="cells per high power field" message="OK"/>
    <ucum unit="{cells}/uL" displayName="cells per microliter" message="OK"/>
    <ucum unit="cg" displayName="centigram" message="OK"/>
    <ucum unit="cL" displayName="centiliter" message="OK"/>
    <ucum unit="cm" displayName="centimeter" message="OK"/>
    <ucum unit="cm[Hg]" displayName="centimeter of mercury" message="OK"/>
    <ucum unit="cm[H2O]" displayName="centimeter of water" message="OK"/>
    <ucum unit="cm[H2O]/L/s" displayName="centimeter of water per liter per second" message="OK"/>
    <ucum unit="cm[H2O]/s/m" displayName="centimeter of water per second per meter" message="OK"/>
    <ucum unit="cP" displayName="centipoise" message="OK"/>
    <ucum unit="cSt" displayName="centistoke" message="OK"/>
    <ucum unit="{delta_OD}" displayName="change in (delta) optical density" message="OK"/>
    <ucum unit="{clock_time}" displayName="clock time e.g 12:30PM" message="OK"/>
    <ucum unit="[CFU]" displayName="colony forming unit" message="OK"/>
    <ucum unit="[CFU]/L" displayName="colony forming unit per liter" message="OK"/>
    <ucum unit="[CFU]/mL" displayName="colony forming unit per milliliter" message="OK"/>
    <ucum unit="{CAE'U}" displayName="complement activity enzyme unit" message="OK"/>
    <ucum unit="{CH100'U}" displayName="complement CH100 unit" message="OK"/>
    <ucum unit="{copies}" displayName="copies" message="OK"/>
    <ucum unit="{copies}/ug" displayName="copies per microgram" message="OK"/>
    <ucum unit="{copies}/mL" displayName="copies per milliliter" message="OK"/>
    <ucum unit="{count}" displayName="count" message="OK"/>
    <ucum unit="{CPM}" displayName="counts per minute" message="OK"/>
    <ucum unit="{CPM}/10*3{cell}" displayName="counts per minute per thousand cells" message="OK"/>
    <ucum unit="[cin_i]" displayName="cubic inch (international)" message="OK"/>
    <ucum unit="m3/s" displayName="cubic meter per second" message="OK"/>
    <ucum unit="d" displayName="day" message="OK"/>
    <ucum unit="dB" displayName="decibel" message="OK"/>
    <ucum unit="dg" displayName="decigram" message="OK"/>
    <ucum unit="dL" displayName="deciliter" message="OK"/>
    <ucum unit="dm" displayName="decimeter" message="OK"/>
    <ucum unit="deg" displayName="degree (plane angle)" message="OK"/>
    <ucum unit="Cel" displayName="degree Celsius" message="OK"/>
    <ucum unit="[degF]" displayName="degree Fahrenheit" message="OK"/>
    <ucum unit="K" displayName="degree Kelvin" message="OK"/>
    <ucum unit="K/W" displayName="degree Kelvin per Watt" message="OK"/>
    <ucum unit="deg/s" displayName="degree per second" message="OK"/>
    <ucum unit="daL/min" displayName="dekaliter per minute" message="OK"/>
    <ucum unit="daL/min/m2" displayName="dekaliter per minute per square meter" message="OK"/>
    <ucum unit="{dilution}" displayName="dilution" message="OK"/>
    <ucum unit="[dr_av]" displayName="dram  (US and British)" message="OK"/>
    <ucum unit="[drp]" displayName="drop (1/12 milliliter)" message="OK"/>
    <ucum unit="dyn.s/cm" displayName="dyne second per centimeter" message="OK"/>
    <ucum unit="dyn.s/(cm.m2)" displayName="dyne second per centimeter per square meter" message="OK"/>
    <ucum unit="{Ehrlich’U}" displayName="Ehrlich unit" message="OK"/>
    <ucum unit="{Ehrlich’U}/100g" displayName="Ehrlich unit per 100 gram" message="OK"/>
    <ucum unit="{Ehrlich’U}/(2.h)" displayName="Ehrlich unit per 2 hour" message="OK"/>
    <ucum unit="{Ehrlich’U}/d" displayName="Ehrlich unit per day" message="OK"/>
    <ucum unit="{Ehrlich'U}/dL" displayName="Ehrlich unit per deciliter" message="OK"/>
    <ucum unit="{EIA_index}" displayName="EIA index" message="OK"/>
    <ucum unit="{EIA_titer}" displayName="EIA titer" message="OK"/>
    <ucum unit="{EIA'U}" displayName="EIA unit" message="OK"/>
    <ucum unit="{EIA'U}/U" displayName="EIA unit per enzyme unit" message="OK"/>
    <ucum unit="{EV}" displayName="EIA value" message="OK"/>
    <ucum unit="eV" displayName="electron Volt" message="OK"/>
    <ucum unit="{ELISA'U}" displayName="ELISA unit" message="OK"/>
    <ucum unit="U" displayName="enzyme unit" message="OK"/>
    <ucum unit="U/10" displayName="enzyme unit per 10" message="OK"/>
    <ucum unit="U/10*10" displayName="enzyme unit per 10 billion" message="OK"/>
    <ucum unit="U/10*10{cells}" displayName="enzyme unit per 10 billion cells" message="OK"/>
    <ucum unit="U/(10.g){feces}" displayName="enzyme unit per 10 gram of feces" message="OK"/>
    <ucum unit="U/(12.h)" displayName="enzyme unit per 12 hour" message="OK"/>
    <ucum unit="U/(2.h)" displayName="enzyme unit per 2 hour" message="OK"/>
    <ucum unit="U/(24.h)" displayName="enzyme unit per 24 hour" message="OK"/>
    <ucum unit="U/10*9" displayName="enzyme unit per billion" message="OK"/>
    <ucum unit="U/d" displayName="enzyme unit per day" message="OK"/>
    <ucum unit="U/dL" displayName="enzyme unit per deciliter" message="OK"/>
    <ucum unit="U/g" displayName="enzyme unit per gram" message="OK"/>
    <ucum unit="U/g{creat}" displayName="enzyme unit per gram of creatinine" message="OK"/>
    <ucum unit="U/g{Hb}" displayName="enzyme unit per gram of hemoglobin" message="OK"/>
    <ucum unit="U/g{protein}" displayName="enzyme unit per gram of protein" message="OK"/>
    <ucum unit="U/h" displayName="enzyme unit per hour" message="OK"/>
    <ucum unit="U/kg{Hb}" displayName="enzyme unit per kilogram of hemoglobin" message="OK"/>
    <ucum unit="U/L" displayName="enzyme unit per liter" message="OK"/>
    <ucum unit="U{25Cel}/L" displayName="enzyme unit per liter at 25 deg Celsius " message="OK"/>
    <ucum unit="U{37Cel}/L" displayName="enzyme unit per liter at 37 deg Celsius" message="OK"/>
    <ucum unit="U/mL" displayName="enzyme unit per milliliter" message="OK"/>
    <ucum unit="U/mL{RBCs}" displayName="enzyme unit per milliliter of red blood cells" message="OK"/>
    <ucum unit="U/mmol{creat}" displayName="enzyme unit per millimole of creatinine" message="OK"/>
    <ucum unit="U/10*6" displayName="enzyme unit per million" message="OK"/>
    <ucum unit="U/min" displayName="enzyme unit per minute" message="OK"/>
    <ucum unit="U/s" displayName="enzyme unit per second" message="OK"/>
    <ucum unit="U/10*12" displayName="enzyme unit per trillion" message="OK"/>
    <ucum unit="U/10*12{RBCs}" displayName="enzyme unit per trillion red blood cells" message="OK"/>
    <ucum unit="eq" displayName="equivalent" message="OK"/>
    <ucum unit="eq/L" displayName="equivalent per liter" message="OK"/>
    <ucum unit="eq/umol" displayName="equivalent per micromole" message="OK"/>
    <ucum unit="eq/mL" displayName="equivalent per milliliter" message="OK"/>
    <ucum unit="eq/mmol" displayName="equivalent per millimole" message="OK"/>
    <ucum unit="erg" displayName="erg" message="OK"/>
    <ucum unit="F" displayName="Farad" message="OK"/>
    <ucum unit="fg" displayName="femtogram" message="OK"/>
    <ucum unit="fL" displayName="femtoliter" message="OK"/>
    <ucum unit="fm" displayName="femtometer" message="OK"/>
    <ucum unit="fmol" displayName="femtomole" message="OK"/>
    <ucum unit="fmol/g" displayName="femtomole per gram" message="OK"/>
    <ucum unit="fmol/L" displayName="femtomole per liter" message="OK"/>
    <ucum unit="fmol/mg" displayName="femtomole per milligram" message="OK"/>
    <ucum unit="fmol/mg{cytosol_protein}" displayName="femtomole per milligram of cytosol protein" message="OK"/>
    <ucum unit="fmol/mg{protein}" displayName="femtomole per milligram of protein" message="OK"/>
    <ucum unit="fmol/mL" displayName="femtomole per milliliter" message="OK"/>
    <ucum unit="[foz_us]" displayName="fluid ounce (US)" message="OK"/>
    <ucum unit="{FIU}" displayName="fluorescent intensity unit" message="OK"/>
    <ucum unit="[ft_i]" displayName="foot (international)" message="OK"/>
    <ucum unit="{fraction}" displayName="fraction" message="OK"/>
    <ucum unit="[Ch]" displayName="French (catheter gauge) " message="OK"/>
    <ucum unit="{GAA_repeats}" displayName="GAA trinucleotide repeats" message="OK"/>
    <ucum unit="[gal_us]" displayName="gallon (US)" message="OK"/>
    <ucum unit="{genomes}/mL" displayName="genomes per milliliter" message="OK"/>
    <ucum unit="{Globules}/[HPF]" displayName="globules (drops)  per high power field" message="OK"/>
    <ucum unit="g" displayName="gram" message="OK"/>
    <ucum unit="g.m" displayName="gram meter" message="OK"/>
    <ucum unit="g.m/{beat}" displayName="gram meter per heart beat " message="OK"/>
    <ucum unit="g{creat}" displayName="gram of creatinine" message="OK"/>
    <ucum unit="g{Hb}" displayName="gram of hemoglobin" message="OK"/>
    <ucum unit="g{total_nit}" displayName="gram of total nitrogen" message="OK"/>
    <ucum unit="g{total_prot}" displayName="gram of total protein" message="OK"/>
    <ucum unit="g{wet_tissue}" displayName="gram of wet tissue" message="OK"/>
    <ucum unit="g/kg/8.h" displayName="gram per  kilogram per 8 hour " message="OK"/>
    <ucum unit="g/(100.g)" displayName="gram per 100 gram" message="OK"/>
    <ucum unit="g/(12.h)" displayName="gram per 12 hour" message="OK"/>
    <ucum unit="g/(24.h)" displayName="gram per 24 hour" message="OK"/>
    <ucum unit="g/(3.d)" displayName="gram per 3 days" message="OK"/>
    <ucum unit="g/(4.h)" displayName="gram per 4 hour" message="OK"/>
    <ucum unit="g/(48.h)" displayName="gram per 48 hour" message="OK"/>
    <ucum unit="g/(5.h)" displayName="gram per 5 hour" message="OK"/>
    <ucum unit="g/(6.h)" displayName="gram per 6 hour" message="OK"/>
    <ucum unit="g/(72.h)" displayName="gram per 72 hour" message="OK"/>
    <ucum unit="g/(8.h){shift}" displayName="gram per 8 hour shift" message="OK"/>
    <ucum unit="g/cm3" displayName="gram per cubic centimeter" message="OK"/>
    <ucum unit="g/d" displayName="gram per day" message="OK"/>
    <ucum unit="g/dL" displayName="gram per deciliter" message="OK"/>
    <ucum unit="g/g" displayName="gram per gram" message="OK"/>
    <ucum unit="g/g{creat}" displayName="gram per gram of creatinine" message="OK"/>
    <ucum unit="g/g{globulin}" displayName="gram per gram of globulin" message="OK"/>
    <ucum unit="g/g{tissue}" displayName="gram per gram of tissue" message="OK"/>
    <ucum unit="g/h" displayName="gram per hour" message="OK"/>
    <ucum unit="g/h/m2" displayName="gram per hour per square meter" message="OK"/>
    <ucum unit="g/kg " displayName="gram per kilogram" message="OK"/>
    <ucum unit="g/kg/(8.h){shift}" displayName="gram per kilogram per 8 hour shift" message="OK"/>
    <ucum unit="g/kg/d" displayName="gram per kilogram per day" message="OK"/>
    <ucum unit="g/kg/h" displayName="gram per kilogram per hour" message="OK"/>
    <ucum unit="g/kg/min" displayName="gram per kilogram per minute" message="OK"/>
    <ucum unit="g/L" displayName="gram per liter" message="OK"/>
    <ucum unit="g/mg" displayName="gram per milligram" message="OK"/>
    <ucum unit="g/mL" displayName="gram per milliliter" message="OK"/>
    <ucum unit="g/mmol" displayName="gram per millimole" message="OK"/>
    <ucum unit="g/min" displayName="gram per minute" message="OK"/>
    <ucum unit="g/mol{creat}" displayName="gram per mole of creatinine" message="OK"/>
    <ucum unit="g/{specimen}" displayName="gram per specimen" message="OK"/>
    <ucum unit="g/m2" displayName="gram per square meter" message="OK"/>
    <ucum unit="g/{total_output}" displayName="gram per total output" message="OK"/>
    <ucum unit="g/{total_weight}" displayName="gram per total weight" message="OK"/>
    <ucum unit="Gy" displayName="Gray" message="OK"/>
    <ucum unit="{beats}/min" displayName="heart beats per minute" message="OK"/>
    <ucum unit="H" displayName="Henry" message="OK"/>
    <ucum unit="Hz" displayName="Hertz" message="OK"/>
    <ucum unit="[HPF]" displayName="high power field" message="OK"/>
    <ucum unit="h" displayName="hour" message="OK"/>
    <ucum unit="[APL'U]/mL" displayName="IgA anticardiolipin unit per milliliter**" message="OK"/>
    <ucum unit="[APL'U]" displayName="IgA anticardiolipin unit**(**anticardiolipin can also be called 'biologic activity of anticardiolipin' or 'antiphospholipid')" message="OK"/>
    <ucum unit="{APS'U}" displayName="IgA antiphosphatidylserine unit " message="OK"/>
    <ucum unit="[GPL'U]/mL" displayName="IgG anticardiolipin unit per milliliter**" message="OK"/>
    <ucum unit="[GPL'U]" displayName="IgG anticardiolipin unit**" message="OK"/>
    <ucum unit="{GPS'U}" displayName="IgG antiphosphatidylserine unit" message="OK"/>
    <ucum unit="[MPL'U]/mL" displayName="IgM anticardiolipin unit per milliliter**" message="OK"/>
    <ucum unit="[MPL'U]" displayName="IgM anticardiolipin unit**" message="OK"/>
    <ucum unit="{MPS'U}" displayName="IgM antiphosphatidylserine unit" message="OK"/>
    <ucum unit="{MPS'U}/mL" displayName="IgM antiphosphatidylserine unit per milliliter" message="OK"/>
    <ucum unit="{ImmuneComplex’U}" displayName="immune complex unit" message="OK"/>
    <ucum unit="{ISR}" displayName="immune status ratio" message="OK"/>
    <ucum unit="{IFA_index}" displayName="immunofluorescence assay index" message="OK"/>
    <ucum unit="{IFA_titer}" displayName="Immunofluorescence assay titer" message="OK"/>
    <ucum unit="[in_i]" displayName="inch (international)" message="OK"/>
    <ucum unit="[in_i'H2O]" displayName="inch (international) of water" message="OK"/>
    <ucum unit="{index_val}" displayName="index value" message="OK"/>
    <ucum unit="{HA_titer}" displayName="influenza hemagglutination titer" message="OK"/>
    <ucum unit="{INR}" displayName="international normalized ratio" message="OK"/>
    <ucum unit="[IU]" displayName="international unit" message="OK"/>
    <ucum unit="[IU]/(2.h)" displayName="international unit per 2 hour" message="OK"/>
    <ucum unit="[IU]/(24.h)" displayName="international unit per 24 hour" message="OK"/>
    <ucum unit="[IU]/10*9{RBCs}" displayName="international unit per billion red blood cells" message="OK"/>
    <ucum unit="[IU]/d" displayName="international unit per day" message="OK"/>
    <ucum unit="[IU]/dL" displayName="international unit per deciliter" message="OK"/>
    <ucum unit="[IU]/g" displayName="international unit per gram" message="OK"/>
    <ucum unit="[IU]/g{Hb}" displayName="international unit per gram of hemoglobin" message="OK"/>
    <ucum unit="[IU]/h" displayName="international unit per hour" message="OK"/>
    <ucum unit="[IU]/kg" displayName="international unit per kilogram" message="OK"/>
    <ucum unit="[IU]/kg/d" displayName="international unit per kilogram per day" message="OK"/>
    <ucum unit="[IU]/L" displayName="international unit per liter" message="OK"/>
    <ucum unit="[IU]/L{37Cel}" displayName="international unit per liter at 37 degrees Celsius" message="OK"/>
    <ucum unit="[IU]/mg{creat}" displayName="international unit per milligram of creatinine" message="OK"/>
    <ucum unit="[IU]/mL" displayName="international unit per milliliter" message="OK"/>
    <ucum unit="[IU]/min" displayName="international unit per minute" message="OK"/>
    <ucum unit="J" displayName="joule" message="OK"/>
    <ucum unit="J/L" displayName="joule per liter" message="OK"/>
    <ucum unit="{JDF'U}" displayName="Juvenile Diabetes Foundation unit" message="OK"/>
    <ucum unit="{JDF'U}/L" displayName="Juvenile Diabetes Foundation unit per liter" message="OK"/>
    <ucum unit="{KCT'U}" displayName="kaolin clotting time" message="OK"/>
    <ucum unit="kat" displayName="katal" message="OK"/>
    <ucum unit="kat/kg" displayName="katal per kilogram" message="OK"/>
    <ucum unit="kat/L" displayName="katal per liter" message="OK"/>
    <ucum unit="k[AU]" displayName="kilo allergy unit " message="OK"/>
    <ucum unit="k[AU]/L" displayName="kilo allergy unit per liter" message="OK"/>
    <ucum unit="kU" displayName="kilo enzyme unit" message="OK"/>
    <ucum unit="kU/g" displayName="kilo enzyme unit per gram" message="OK"/>
    <ucum unit="kU/L" displayName="kilo enzyme unit per liter" message="OK"/>
    <ucum unit="kU/L{class}" displayName="kilo enzyme unit per liter class" message="OK"/>
    <ucum unit="kU/mL" displayName="kilo enzyme unit per milliliter" message="OK"/>
    <ucum unit="k[IU]/L" displayName="kilo international unit per liter" message="OK"/>
    <ucum unit="k[IU]/mL" displayName="kilo international unit per milliliter" message="OK"/>
    <ucum unit="kcal" displayName="kilocalorie" message="OK"/>
    <ucum unit="kcal/d" displayName="kilocalorie per day" message="OK"/>
    <ucum unit="kcal/h" displayName="kilocalorie per hour" message="OK"/>
    <ucum unit="kcal/kg/(24.h)" displayName="kilocalorie per kilogram per 24 hour" message="OK"/>
    <ucum unit="kcal/[oz_av]" displayName="kilocalorie per ounce (US and British)" message="OK"/>
    <ucum unit="kg" displayName="kilogram" message="OK"/>
    <ucum unit="kg.m/s" displayName="kilogram meter per second" message="OK"/>
    <ucum unit="kg/m3" displayName="kilogram per cubic meter" message="OK"/>
    <ucum unit="kg/h" displayName="kilogram per hour" message="OK"/>
    <ucum unit="kg/L" displayName="kilogram per liter" message="OK"/>
    <ucum unit="kg/min" displayName="kilogram per minute" message="OK"/>
    <ucum unit="kg/mol" displayName="kilogram per mole" message="OK"/>
    <ucum unit="kg/s" displayName="kilogram per second" message="OK"/>
    <ucum unit="kg/(s.m2)" displayName="kilogram per second per square meter" message="OK"/>
    <ucum unit="kg/m2" displayName="kilogram per square meter" message="OK"/>
    <ucum unit="kL" displayName="kiloliter" message="OK"/>
    <ucum unit="km" displayName="kilometer" message="OK"/>
    <ucum unit="kPa" displayName="kilopascal" message="OK"/>
    <ucum unit="ks" displayName="kilosecond" message="OK"/>
    <ucum unit="[ka’U]" displayName="King Armstrong unit" message="OK"/>
    <ucum unit="{KRONU'U}/mL" displayName="Kronus unit per milliliter" message="OK"/>
    <ucum unit="[knk'U]&#160;" displayName="Kunkel unit" message="OK"/>
    <ucum unit="L" displayName="liter" message="OK"/>
    <ucum unit="L/(24.h)" displayName="liter per 24 hour" message="OK"/>
    <ucum unit="L/(8.h)" displayName="liter per 8 hour" message="OK"/>
    <ucum unit="L/d" displayName="liter per day" message="OK"/>
    <ucum unit="L/h" displayName="liter per hour" message="OK"/>
    <ucum unit="L/kg" displayName="liter per kilogram" message="OK"/>
    <ucum unit="L/L" displayName="liter per liter" message="OK"/>
    <ucum unit="L/min" displayName="liter per minute" message="OK"/>
    <ucum unit="L/(min.m2)" displayName="liter per minute per square meter" message="OK"/>
    <ucum unit="L/s" displayName="liter per second" message="OK"/>
    <ucum unit="L/s/s2" displayName="liter per second per square second" message="OK"/>
    <ucum unit="{Log_copies}/mL" displayName="log (base 10) copies per milliliter" message="OK"/>
    <ucum unit="{Log_IU}" displayName="log (base 10) international unit" message="OK"/>
    <ucum unit="{Log_IU}/mL" displayName="log (base 10) international unit per milliliter" message="OK"/>
    <ucum unit="{Log}" displayName="log base 10" message="OK"/>
    <ucum unit="[LPF]" displayName="low power field" message="OK"/>
    <ucum unit="lm" displayName="lumen" message="OK"/>
    <ucum unit="lm.m2" displayName="lumen square meter" message="OK"/>
    <ucum unit="{Lyme_index_value}" displayName="Lyme index value" message="OK"/>
    <ucum unit="[mclg'U]" displayName="Maclagan unit" message="OK"/>
    <ucum unit="Ms" displayName="megasecond" message="OK"/>
    <ucum unit="m" displayName="meter" message="OK"/>
    <ucum unit="m/s" displayName="meter per second" message="OK"/>
    <ucum unit="m/s2" displayName="meter per square second" message="OK"/>
    <ucum unit="t" displayName="metric ton" message="OK"/>
    <ucum unit="uU/g" displayName="micro enzyme unit per gram" message="OK"/>
    <ucum unit="uU/L" displayName="micro enzyme unit per liter" message="OK"/>
    <ucum unit="uU/mL" displayName="micro enzyme unit per milliliter" message="OK"/>
    <ucum unit="u[IU]" displayName="micro international unit" message="OK"/>
    <ucum unit="u[IU]/mL" displayName="micro international unit per milliliter" message="OK"/>
    <ucum unit="ueq" displayName="microequivalent" message="OK"/>
    <ucum unit="ueq/L" displayName="microequivalent per liter" message="OK"/>
    <ucum unit="ueq/mL" displayName="microequivalent per milliliter" message="OK"/>
    <ucum unit="ug" displayName="microgram" message="OK"/>
    <ucum unit="ug/g{feces}" displayName="microgram  per gram of feces" message="OK"/>
    <ucum unit="ug{FEU}/mL" displayName="microgram fibrinogen equivalent unit per milliliter" message="OK"/>
    <ucum unit="ug/(100.g)" displayName="microgram per 100 gram" message="OK"/>
    <ucum unit="ug/(24.h)" displayName="microgram per 24 hour" message="OK"/>
    <ucum unit="ug/(8.h)" displayName="microgram per 8 hour" message="OK"/>
    <ucum unit="ug/m3" displayName="microgram per cubic meter" message="OK"/>
    <ucum unit="ug/d" displayName="microgram per day" message="OK"/>
    <ucum unit="ug/dL" displayName="microgram per deciliter" message="OK"/>
    <ucum unit="ug/dL{RBCs}" displayName="microgram per deciliter of red blood cells" message="OK"/>
    <ucum unit="ug/g" displayName="microgram per gram" message="OK"/>
    <ucum unit="ug/g{creat}" displayName="microgram per gram of creatinine" message="OK"/>
    <ucum unit="ug/g{dry_tissue}" displayName="microgram per gram of dry tissue" message="OK"/>
    <ucum unit="ug/g{dry_wt}" displayName="microgram per gram of dry weight" message="OK"/>
    <ucum unit="ug/g{hair}" displayName="microgram per gram of hair" message="OK"/>
    <ucum unit="ug/g{Hb}" displayName="microgram per gram of hemoglobin" message="OK"/>
    <ucum unit="ug/g{tissue}" displayName="microgram per gram of tissue" message="OK"/>
    <ucum unit="ug/h" displayName="microgram per hour" message="OK"/>
    <ucum unit="ug/kg" displayName="microgram per kilogram" message="OK"/>
    <ucum unit="ug/kg/(8.h)" displayName="microgram per kilogram per 8 hour" message="OK"/>
    <ucum unit="ug/kg/d" displayName="microgram per kilogram per day" message="OK"/>
    <ucum unit="ug/kg/h" displayName="microgram per kilogram per hour" message="OK"/>
    <ucum unit="ug/kg/min" displayName="microgram per kilogram per minute" message="OK"/>
    <ucum unit="ug/L" displayName="microgram per liter" message="OK"/>
    <ucum unit="ug/L{RBCs}" displayName="microgram per liter of red blood cells" message="OK"/>
    <ucum unit="ug/L/(24.h)" displayName="microgram per liter per 24 hour" message="OK"/>
    <ucum unit="ug/mg" displayName="microgram per milligram" message="OK"/>
    <ucum unit="ug/mg{creat}" displayName="microgram per milligram of creatinine" message="OK"/>
    <ucum unit="ug/mL" displayName="microgram per milliliter" message="OK"/>
    <ucum unit="ug/mL{class}" displayName="microgram per milliliter class" message="OK"/>
    <ucum unit="ug/mL{eqv}" displayName="microgram per milliliter equivalent" message="OK"/>
    <ucum unit="ug/mmol" displayName="microgram per millimole" message="OK"/>
    <ucum unit="ug/mmol{creat}" displayName="microgram per millimole of creatinine" message="OK"/>
    <ucum unit="ug/min" displayName="microgram per minute" message="OK"/>
    <ucum unit="ug/ng" displayName="microgram per nanogram" message="OK"/>
    <ucum unit="ug/{specimen}" displayName="microgram per specimen" message="OK"/>
    <ucum unit="ug/[sft_i]" displayName="microgram per square foot (international)" message="OK"/>
    <ucum unit="ug/m2" displayName="microgram per square meter" message="OK"/>
    <ucum unit="u[IU]/L" displayName="microinternational unit per liter" message="OK"/>
    <ucum unit="ukat" displayName="microkatal" message="OK"/>
    <ucum unit="uL" displayName="microliter" message="OK"/>
    <ucum unit="uL/(2.h)" displayName="microliter per 2 hour" message="OK"/>
    <ucum unit="uL/h" displayName="microliter per hour" message="OK"/>
    <ucum unit="um" displayName="micrometer" message="OK"/>
    <ucum unit="umol" displayName="micromole" message="OK"/>
    <ucum unit="umol{BCE}/mol" displayName="micromole bone collagen equivalent per mole" message="OK"/>
    <ucum unit="umol/(2.h)" displayName="micromole per 2 hour" message="OK"/>
    <ucum unit="umol/(24.h)" displayName="micromole per 24 hour" message="OK"/>
    <ucum unit="umol/(8.h)" displayName="micromole per 8 hour" message="OK"/>
    <ucum unit="umol/d" displayName="micromole per day" message="OK"/>
    <ucum unit="umol/dL" displayName="micromole per deciliter" message="OK"/>
    <ucum unit="umol/dL{GF}" displayName="micromole per deciliter of glomerular filtrate" message="OK"/>
    <ucum unit="umol/g" displayName="micromole per gram" message="OK"/>
    <ucum unit="umol/g{creat}" displayName="micromole per gram of creatinine" message="OK"/>
    <ucum unit="umol/g{Hb}" displayName="micromole per gram of hemoglobin" message="OK"/>
    <ucum unit="umol/h" displayName="micromole per hour" message="OK"/>
    <ucum unit="umol/kg" displayName="micromole per kilogram" message="OK"/>
    <ucum unit="umol/kg{feces}" displayName="micromole per kilogram of feces" message="OK"/>
    <ucum unit="umol/L" displayName="micromole per liter" message="OK"/>
    <ucum unit="umol/L{RBCs}" displayName="micromole per liter of red blood cells" message="OK"/>
    <ucum unit="umol/L/h" displayName="micromole per liter per hour" message="OK"/>
    <ucum unit="umol/umol" displayName="micromole per micromole" message="OK"/>
    <ucum unit="umol/umol{creat}" displayName="micromole per micromole of creatinine" message="OK"/>
    <ucum unit="umol/mg" displayName="micromole per milligram" message="OK"/>
    <ucum unit="umol/mg{creat}" displayName="micromole per milligram of creatinine" message="OK"/>
    <ucum unit="umol/mL" displayName="micromole per milliliter" message="OK"/>
    <ucum unit="umol/mL/min" displayName="micromole per milliliter per minute" message="OK"/>
    <ucum unit="umol/mmol" displayName="micromole per millimole" message="OK"/>
    <ucum unit="umol/mmol{creat}" displayName="micromole per millimole of creatinine" message="OK"/>
    <ucum unit="umol/min" displayName="micromole per minute" message="OK"/>
    <ucum unit="umol/min/g" displayName="micromole per minute per gram" message="OK"/>
    <ucum unit="umol/min/g{mucosa}" displayName="micromole per minute per gram of mucosa" message="OK"/>
    <ucum unit="umol/min/g{protein}" displayName="micromole per minute per gram of protein" message="OK"/>
    <ucum unit="umol/min/L" displayName="micromole per minute per liter" message="OK"/>
    <ucum unit="umol/mol" displayName="micromole per mole" message="OK"/>
    <ucum unit="umol/mol{creat}" displayName="micromole per mole of creatinine" message="OK"/>
    <ucum unit="umol/mol{Hb}" displayName="micromole per mole of hemoglobin" message="OK"/>
    <ucum unit="um/s" displayName="microns per second" message="OK"/>
    <ucum unit="uOhm" displayName="microOhm" message="OK"/>
    <ucum unit="us" displayName="microsecond" message="OK"/>
    <ucum unit="uV" displayName="microvolt" message="OK"/>
    <ucum unit="[mi_i]" displayName="mile (international)" message="OK"/>
    <ucum unit="mU/g" displayName="milli  enzyme unit per gram" message="OK"/>
    <ucum unit="mU/mL" displayName="milli  enzyme unit per milliliter" message="OK"/>
    <ucum unit="mU/mL/min" displayName="milli  enzyme unit per milliliter per minute" message="OK"/>
    <ucum unit="mU/mmol{creat}" displayName="milli  enzyme unit per millimole of creatinine" message="OK"/>
    <ucum unit="mU/mmol{RBCs}" displayName="milli  enzyme unit per millimole of red blood cells" message="OK"/>
    <ucum unit="m[IU]/mL" displayName="milli  international unit per milliliter" message="OK"/>
    <ucum unit="mU/g{Hb}" displayName="milli enzyme unit per gram of hemoglobin" message="OK"/>
    <ucum unit="mU/g{protein}" displayName="milli enzyme unit per gram of protein" message="OK"/>
    <ucum unit="mU/L" displayName="milli enzyme unit per liter" message="OK"/>
    <ucum unit="mU/mg" displayName="milli enzyme unit per milligram" message="OK"/>
    <ucum unit="mU/mg{creat}" displayName="milli enzyme unit per milligram of creatinine" message="OK"/>
    <ucum unit="m[IU]/L" displayName="milli international unit per liter" message="OK"/>
    <ucum unit="mA" displayName="milliampere" message="OK"/>
    <ucum unit="mbar" displayName="millibar" message="OK"/>
    <ucum unit="mbar/L/s" displayName="millibar per liter per second" message="OK"/>
    <ucum unit="mbar.s/L" displayName="millibar second per liter" message="OK"/>
    <ucum unit="meq" displayName="milliequivalent" message="OK"/>
    <ucum unit="meq/(2.h)" displayName="milliequivalent per 2 hour" message="OK"/>
    <ucum unit="meq/(24.h)" displayName="milliequivalent per 24 hour" message="OK"/>
    <ucum unit="meq/(8.h)" displayName="milliequivalent per 8 hour" message="OK"/>
    <ucum unit="meq/d" displayName="milliequivalent per day" message="OK"/>
    <ucum unit="meq/dL" displayName="milliequivalent per deciliter" message="OK"/>
    <ucum unit="meq/g" displayName="milliequivalent per gram" message="OK"/>
    <ucum unit="meq/g{creat}" displayName="milliequivalent per gram of creatinine" message="OK"/>
    <ucum unit="meq/h" displayName="milliequivalent per hour" message="OK"/>
    <ucum unit="meq/kg" displayName="milliequivalent per kilogram" message="OK"/>
    <ucum unit="meq/kg/h" displayName="milliequivalent per kilogram per hour" message="OK"/>
    <ucum unit="meq/L" displayName="milliequivalent per liter" message="OK"/>
    <ucum unit="meq/mL" displayName="milliequivalent per milliliter" message="OK"/>
    <ucum unit="meq/min" displayName="milliequivalent per minute" message="OK"/>
    <ucum unit="meq/{specimen}" displayName="milliequivalent per specimen" message="OK"/>
    <ucum unit="meq/m2" displayName="milliequivalent per square meter" message="OK"/>
    <ucum unit="meq/{total_volume}" displayName="milliequivalent per total volume" message="OK"/>
    <ucum unit="mg" displayName="milligram" message="OK"/>
    <ucum unit="mg{FEU}/L" displayName="milligram fibrinogen equivalent unit per liter" message="OK"/>
    <ucum unit="mg/(10.h)" displayName="milligram per 10 hour" message="OK"/>
    <ucum unit="mg/(12.h)" displayName="milligram per 12 hour" message="OK"/>
    <ucum unit="mg/(2.h)" displayName="milligram per 2 hour" message="OK"/>
    <ucum unit="mg/(24.h)" displayName="milligram per 24 hour" message="OK"/>
    <ucum unit="mg/(6.h)" displayName="milligram per 6 hour" message="OK"/>
    <ucum unit="mg/(72.h)" displayName="milligram per 72 hour" message="OK"/>
    <ucum unit="mg/(8.h)" displayName="milligram per 8 hour" message="OK"/>
    <ucum unit="mg/{collection}" displayName="milligram per collection" message="OK"/>
    <ucum unit="mg/m3" displayName="milligram per cubic meter" message="OK"/>
    <ucum unit="mg/d" displayName="milligram per day" message="OK"/>
    <ucum unit="mg/d/(1.73_m2)" displayName="milligram per day per 1.73 square meter" message="OK"/>
    <ucum unit="mg/dL" displayName="milligram per deciliter" message="OK"/>
    <ucum unit="mg/dL{RBCs}" displayName="milligram per deciliter of red blood cells" message="OK"/>
    <ucum unit="mg/g" displayName="milligram per gram" message="OK"/>
    <ucum unit="mg/g{creat}" displayName="milligram per gram of creatinine" message="OK"/>
    <ucum unit="mg/g{dry_tissue}" displayName="milligram per gram of dry tissue" message="OK"/>
    <ucum unit="mg/g{feces}" displayName="milligram per gram of feces" message="OK"/>
    <ucum unit="mg/g{tissue}" displayName="milligram per gram of tissue" message="OK"/>
    <ucum unit="mg/g{wet_tissue}" displayName="milligram per gram of wet tissue" message="OK"/>
    <ucum unit="mg/h" displayName="milligram per hour" message="OK"/>
    <ucum unit="mg/kg" displayName="milligram per kilogram" message="OK"/>
    <ucum unit="mg/kg/(8.h)" displayName="milligram per kilogram per 8 hour" message="OK"/>
    <ucum unit="mg/kg/d" displayName="milligram per kilogram per day" message="OK"/>
    <ucum unit="mg/kg/h" displayName="milligram per kilogram per hour" message="OK"/>
    <ucum unit="mg/kg/min" displayName="milligram per kilogram per minute" message="OK"/>
    <ucum unit="mg/L" displayName="milligram per liter" message="OK"/>
    <ucum unit="mg/L{RBCs}" displayName="milligram per liter of red blood cells" message="OK"/>
    <ucum unit="mg/mg" displayName="milligram per milligram" message="OK"/>
    <ucum unit="mg/mg{creat}" displayName="milligram per milligram of creatinine" message="OK"/>
    <ucum unit="mg/mL" displayName="milligram per milliliter" message="OK"/>
    <ucum unit="mg/mmol" displayName="milligram per millimole" message="OK"/>
    <ucum unit="mg/mmol{creat}" displayName="milligram per millimole of creatinine" message="OK"/>
    <ucum unit="mg/min" displayName="milligram per minute" message="OK"/>
    <ucum unit="mg/{specimen}" displayName="milligram per specimen" message="OK"/>
    <ucum unit="mg/m2" displayName="milligram per square meter" message="OK"/>
    <ucum unit="mg/{total_output}" displayName="milligram per total output" message="OK"/>
    <ucum unit="mg/{total_volume}" displayName="milligram per total volume" message="OK"/>
    <ucum unit="mg/wk" displayName="milligram per week" message="OK"/>
    <ucum unit="mL" displayName="milliliter" message="OK"/>
    <ucum unit="mL{fetal_RBCs}" displayName="milliliter of fetal red blood cells" message="OK"/>
    <ucum unit="mL/(10.h)" displayName="milliliter per 10 hour" message="OK"/>
    <ucum unit="mL/(12.h)" displayName="milliliter per 12 hour" message="OK"/>
    <ucum unit="mL/(2.h)" displayName="milliliter per 2 hour" message="OK"/>
    <ucum unit="mL/(24.h)" displayName="milliliter per 24 hour" message="OK"/>
    <ucum unit="mL/(4.h)" displayName="milliliter per 4 hour" message="OK"/>
    <ucum unit="mL/(5.h)" displayName="milliliter per 5 hour" message="OK"/>
    <ucum unit="mL/(6.h)" displayName="milliliter per 6 hour" message="OK"/>
    <ucum unit="mL/(72.h)" displayName="milliliter per 72 hour" message="OK"/>
    <ucum unit="mL/(8.h)" displayName="milliliter per 8 hour" message="OK"/>
    <ucum unit="mL(8.h.kg)" displayName="milliliter per 8 hour per kilogram" message="OK"/>
    <ucum unit="mL/cm[H2O]" displayName="milliliter per centimeter of water" message="OK"/>
    <ucum unit="mL/d" displayName="milliliter per day" message="OK"/>
    <ucum unit="mL/dL" displayName="milliliter per deciliter" message="OK"/>
    <ucum unit="mL/{beat}" displayName="milliliter per heart beat" message="OK"/>
    <ucum unit="mL/{beat}/m2" displayName="milliliter per heart beat per  square meter" message="OK"/>
    <ucum unit="mL/h" displayName="milliliter per hour" message="OK"/>
    <ucum unit="mL/kg" displayName="milliliter per kilogram" message="OK"/>
    <ucum unit="mL/kg/(8.h)" displayName="milliliter per kilogram per 8 hour" message="OK"/>
    <ucum unit="mL/kg/d" displayName="milliliter per kilogram per day" message="OK"/>
    <ucum unit="mL/kg/h" displayName="milliliter per kilogram per hour" message="OK"/>
    <ucum unit="mL/kg/min" displayName="milliliter per kilogram per minute" message="OK"/>
    <ucum unit="mL/mbar" displayName="milliliter per millibar" message="OK"/>
    <ucum unit="mL/mm" displayName="milliliter per millimeter" message="OK"/>
    <ucum unit="mL/min" displayName="milliliter per minute" message="OK"/>
    <ucum unit="mL/min/{1.73_m2}" displayName="milliliter per minute per 1.73 square meter" message="OK"/>
    <ucum unit="mL/min/m2" displayName="milliliter per minute per square meter" message="OK"/>
    <ucum unit="mL/s" displayName="milliliter per second" message="OK"/>
    <ucum unit="mL/[sin_i]" displayName="milliliter per square inch (international)" message="OK"/>
    <ucum unit="mL/m2" displayName="milliliter per square meter" message="OK"/>
    <ucum unit="mm" displayName="millimeter" message="OK"/>
    <ucum unit="mm[Hg]" displayName="millimeter of mercury" message="OK"/>
    <ucum unit="mm[H2O]" displayName="millimeter of water" message="OK"/>
    <ucum unit="mm/h" displayName="millimeter per hour" message="OK"/>
    <ucum unit="mm/min" displayName="millimeter per minute" message="OK"/>
    <ucum unit="mmol" displayName="millimole" message="OK"/>
    <ucum unit="mmol/(12.h)" displayName="millimole per 12 hour" message="OK"/>
    <ucum unit="mmol/(2.h)" displayName="millimole per 2 hour" message="OK"/>
    <ucum unit="mmol/(24.h)" displayName="millimole per 24 hour" message="OK"/>
    <ucum unit="mmol/(5.h)" displayName="millimole per 5 hour" message="OK"/>
    <ucum unit="mmol/(6.h)" displayName="millimole per 6 hour" message="OK"/>
    <ucum unit="mmol/(8.h)" displayName="millimole per 8 hour" message="OK"/>
    <ucum unit="mmol/d" displayName="millimole per day" message="OK"/>
    <ucum unit="mmol/dL" displayName="millimole per deciliter" message="OK"/>
    <ucum unit="mmol/{ejaculate}" displayName="millimole per ejaculate" message="OK"/>
    <ucum unit="mmol/g" displayName="millimole per gram" message="OK"/>
    <ucum unit="mmol/g{creat}" displayName="millimole per gram of creatinine" message="OK"/>
    <ucum unit="mmol/h" displayName="millimole per hour" message="OK"/>
    <ucum unit="mmol/h/mg{Hb}" displayName="millimole per hour per milligram of hemoglobin" message="OK"/>
    <ucum unit="mmol/h/mg{protein}" displayName="millimole per hour per milligram of protein" message="OK"/>
    <ucum unit="mmol/kg" displayName="millimole per kilogram" message="OK"/>
    <ucum unit="mmol/kg/(8.h)" displayName="millimole per kilogram per 8 hour" message="OK"/>
    <ucum unit="mmol/kg/d" displayName="millimole per kilogram per day" message="OK"/>
    <ucum unit="mmol/kg/h" displayName="millimole per kilogram per hour" message="OK"/>
    <ucum unit="mmol/kg/min" displayName="millimole per kilogram per minute" message="OK"/>
    <ucum unit="mmol/L" displayName="millimole per liter" message="OK"/>
    <ucum unit="mmol/L{RBCs}" displayName="millimole per liter of red blood cells" message="OK"/>
    <ucum unit="mmol/mmol" displayName="millimole per millimole" message="OK"/>
    <ucum unit="mmol/mmol{urea}" displayName="millimole per millimole of urea" message="OK"/>
    <ucum unit="mmol/mmol{creat}" displayName="millimole per millmole of creatinine" message="OK"/>
    <ucum unit="mmol/min" displayName="millimole per minute" message="OK"/>
    <ucum unit="mmol/mol" displayName="millimole per mole" message="OK"/>
    <ucum unit="mmol/mol{creat}" displayName="millimole per mole of creatinine" message="OK"/>
    <ucum unit="mmol/s/L" displayName="millimole per second per liter" message="OK"/>
    <ucum unit="mmol/{specimen}" displayName="millimole per specimen" message="OK"/>
    <ucum unit="mmol/m2" displayName="millimole per square meter" message="OK"/>
    <ucum unit="mmol/{total_vol}" displayName="millimole per total volume" message="OK"/>
    <ucum unit="10*6" displayName="million" message="OK"/>
    <ucum unit="10*6.[CFU]/L" displayName="million colony forming unit per liter" message="OK"/>
    <ucum unit="10*6.[IU]" displayName="million international unit" message="OK"/>
    <ucum unit="10*6/(24.h)" displayName="million per 24 hour" message="OK"/>
    <ucum unit="10*6/kg" displayName="million per kilogram" message="OK"/>
    <ucum unit="10*6/L" displayName="million per liter" message="OK"/>
    <ucum unit="10*6/uL" displayName="million per microliter" message="OK"/>
    <ucum unit="10*6/mL" displayName="million per milliliter" message="OK"/>
    <ucum unit="mosm" displayName="milliosmole" message="OK"/>
    <ucum unit="mosm/kg" displayName="milliosmole per kilogram" message="OK"/>
    <ucum unit="mosm/L" displayName="milliosmole per liter" message="OK"/>
    <ucum unit="mPa" displayName="millipascal" message="OK"/>
    <ucum unit="mPa.s" displayName="millipascal second" message="OK"/>
    <ucum unit="ms" displayName="millisecond" message="OK"/>
    <ucum unit="mV" displayName="millivolt" message="OK"/>
    <ucum unit="{minidrop}/min" displayName="minidrop per minute" message="OK"/>
    <ucum unit="{minidrop}/s" displayName="minidrop per second" message="OK"/>
    <ucum unit="min" displayName="minute" message="OK"/>
    <ucum unit="mol" displayName="mole" message="OK"/>
    <ucum unit="mol/" displayName="mole per" message="OK"/>
    <ucum unit="mol/m3" displayName="mole per cubic meter" message="OK"/>
    <ucum unit="mol/kg" displayName="mole per kilogram" message="OK"/>
    <ucum unit="mol/kg/s" displayName="mole per kilogram per second" message="OK"/>
    <ucum unit="mol/L" displayName="mole per liter" message="OK"/>
    <ucum unit="mol/mL" displayName="mole per milliliter" message="OK"/>
    <ucum unit="mol/mol" displayName="mole per mole" message="OK"/>
    <ucum unit="mol/s" displayName="mole per second" message="OK"/>
    <ucum unit="{molecule}/{platelet}        " displayName="molecule per platelet" message="OK"/>
    <ucum unit="mo" displayName="month" message="OK"/>
    <ucum unit="{mm/dd/yyyy}" displayName="month-day-year" message="OK"/>
    <ucum unit="{M.o.M}" displayName="multiple of the median" message="OK"/>
    <ucum unit="{mutation}" displayName="mutation" message="OK"/>
    <ucum unit="nU/mL" displayName="nanoenzyme unit per milliliter" message="OK"/>
    <ucum unit="nU/{RBC}" displayName="nanoenzyme unit per red blood cell" message="OK"/>
    <ucum unit="ng" displayName="nanogram" message="OK"/>
    <ucum unit="ng{FEU}/mL" displayName="nanogram fibrinogen equivalent unit per milliliter " message="OK"/>
    <ucum unit="ng/(24.h)" displayName="nanogram per 24 hour" message="OK"/>
    <ucum unit="ng/(8.h)" displayName="nanogram per 8 hour" message="OK"/>
    <ucum unit="ng/d" displayName="nanogram per day" message="OK"/>
    <ucum unit="ng/dL" displayName="nanogram per deciliter" message="OK"/>
    <ucum unit="ng/U" displayName="nanogram per enzyme unit" message="OK"/>
    <ucum unit="ng/g" displayName="nanogram per gram" message="OK"/>
    <ucum unit="ng/g{creat}" displayName="nanogram per gram of creatinine" message="OK"/>
    <ucum unit="ng/h" displayName="nanogram per hour" message="OK"/>
    <ucum unit="ng/kg" displayName="nanogram per kilogram" message="OK"/>
    <ucum unit="ng/kg/(8.h)" displayName="nanogram per kilogram per 8 hour" message="OK"/>
    <ucum unit="ng/kg/h" displayName="nanogram per kilogram per hour" message="OK"/>
    <ucum unit="ng/kg/min" displayName="nanogram per kilogram per minute" message="OK"/>
    <ucum unit="ng/L" displayName="nanogram per liter" message="OK"/>
    <ucum unit="ng/mg" displayName="nanogram per milligram" message="OK"/>
    <ucum unit="ng/mg{creat}" displayName="nanogram per milligram of creatinine" message="OK"/>
    <ucum unit="ng/mg{protein}" displayName="nanogram per milligram of protein" message="OK"/>
    <ucum unit="ng/mg/h" displayName="nanogram per milligram per hour" message="OK"/>
    <ucum unit="ng/mL{RBCs}" displayName="nanogram per milliliter of red blood cells" message="OK"/>
    <ucum unit="ng/mL/h" displayName="nanogram per milliliter per hour" message="OK"/>
    <ucum unit="ng/10*6" displayName="nanogram per million" message="OK"/>
    <ucum unit="ng/10*6{RBCs}" displayName="nanogram per million red blood cells" message="OK"/>
    <ucum unit="ng/mL" displayName="nanogram per millliiter" message="OK"/>
    <ucum unit="ng/min" displayName="nanogram per minute" message="OK"/>
    <ucum unit="ng/s" displayName="nanogram per second" message="OK"/>
    <ucum unit="ng/m2" displayName="nanogram per square meter" message="OK"/>
    <ucum unit="nkat" displayName="nanokatal" message="OK"/>
    <ucum unit="nL" displayName="nanoliter" message="OK"/>
    <ucum unit="nm" displayName="nanometer" message="OK"/>
    <ucum unit="nm/s/L" displayName="nanometer per second per liter" message="OK"/>
    <ucum unit="nmol" displayName="nanomole" message="OK"/>
    <ucum unit="nmol{BCE}" displayName="nanomole bone collagen equivalent" message="OK"/>
    <ucum unit="nmol{BCE}/L" displayName="nanomole bone collagen equivalent per liter" message="OK"/>
    <ucum unit="nmol{BCE}/mmol{creat}" displayName="nanomole bone collagen equivalent per millimole of creatinine" message="OK"/>
    <ucum unit="nmol{1/2cys}/mg{protein}" displayName="nanomole of 1/2 cystine per milligram of protein" message="OK"/>
    <ucum unit="nmol{ATP}" displayName="nanomole of ATP " message="OK"/>
    <ucum unit="nmol/(24.h)" displayName="nanomole per 24 hour" message="OK"/>
    <ucum unit="nmol/d" displayName="nanomole per day" message="OK"/>
    <ucum unit="nmol/dL" displayName="nanomole per deciliter" message="OK"/>
    <ucum unit="nmol/dL{GF}" displayName="nanomole per deciliter of glomerular filtrate" message="OK"/>
    <ucum unit="nmol/g" displayName="nanomole per gram" message="OK"/>
    <ucum unit="nmol/g{creat}" displayName="nanomole per gram of creatinine" message="OK"/>
    <ucum unit="nmol/g{dry_wt}" displayName="nanomole per gram of dry weight" message="OK"/>
    <ucum unit="nmol/h/L" displayName="nanomole per hour per liter" message="OK"/>
    <ucum unit="nmol/h/mg{protein}" displayName="nanomole per hour per milligram of protein" message="OK"/>
    <ucum unit="nmol/L" displayName="nanomole per liter" message="OK"/>
    <ucum unit="nmol/L{RBCs}" displayName="nanomole per liter of red blood cells" message="OK"/>
    <ucum unit="nmol/L/mmol{creat}" displayName="nanomole per liter per millimole of creatinine" message="OK"/>
    <ucum unit="nmol/m/mg{protein}" displayName="nanomole per meter per milligram of protein" message="OK"/>
    <ucum unit="nmol/umol{creat}" displayName="nanomole per micromole  of creatinine" message="OK"/>
    <ucum unit="nmol/mg" displayName="nanomole per milligram" message="OK"/>
    <ucum unit="nmol/mg{creat}" displayName="nanomole per milligram of creatinine" message="OK"/>
    <ucum unit="nmol/mg{protein}" displayName="nanomole per milligram of protein" message="OK"/>
    <ucum unit="nmol/mg{protein}/h" displayName="nanomole per milligram of protein per hour" message="OK"/>
    <ucum unit="nmol/mg/h" displayName="nanomole per milligram per hour" message="OK"/>
    <ucum unit="nmol/mL" displayName="nanomole per milliliter" message="OK"/>
    <ucum unit="nmol/mL/h" displayName="nanomole per milliliter per hour" message="OK"/>
    <ucum unit="nmol/mL/min" displayName="nanomole per milliliter per minute" message="OK"/>
    <ucum unit="nmol/mmol" displayName="nanomole per millimole" message="OK"/>
    <ucum unit="nmol/mmol{creat}" displayName="nanomole per millimole of creatinine" message="OK"/>
    <ucum unit="nmol/min" displayName="nanomole per minute" message="OK"/>
    <ucum unit="nmol/min/mg{Hb}" displayName="nanomole per minute per milligram of hemoglobin" message="OK"/>
    <ucum unit="nmol/min/mg{protein}" displayName="nanomole per minute per milligram of protein" message="OK"/>
    <ucum unit="nmol/min/mL" displayName="nanomole per minute per milliliter" message="OK"/>
    <ucum unit="nmol/min/10*6{cells}" displayName="nanomole per minute per million cells" message="OK"/>
    <ucum unit="nmol/mol" displayName="nanomole per mole" message="OK"/>
    <ucum unit="nmol/nmol" displayName="nanomole per nanomole" message="OK"/>
    <ucum unit="nmol/s" displayName="nanomole per second" message="OK"/>
    <ucum unit="nmol/s/L" displayName="nanomole per second per liter" message="OK"/>
    <ucum unit="ns" displayName="nanosecond" message="OK"/>
    <ucum unit="N" displayName="Newton" message="OK"/>
    <ucum unit="N.cm" displayName="Newton centimeter" message="OK"/>
    <ucum unit="N.s" displayName="Newton second" message="OK"/>
    <ucum unit="{#}" displayName="number" message="OK"/>
    <ucum unit="{#}/[HPF]" displayName="number per high power field" message="OK"/>
    <ucum unit="{#}/L" displayName="number per liter" message="OK"/>
    <ucum unit="{#}/[LPF]" displayName="number per low power field" message="OK"/>
    <ucum unit="{#}/uL" displayName="number per microliter" message="OK"/>
    <ucum unit="{#}/mL" displayName="number per milliliter" message="OK"/>
    <ucum unit="{#}/min" displayName="number per minute" message="OK"/>
    <ucum unit="Ohm" displayName="Ohm" message="OK"/>
    <ucum unit="Ohm.m" displayName="Ohm meter" message="OK"/>
    <ucum unit="10*5" displayName="one hundred thousand" message="OK"/>
    <ucum unit="{OD_unit}" displayName="optical density unit" message="OK"/>
    <ucum unit="osm" displayName="osmole" message="OK"/>
    <ucum unit="osm/kg" displayName="osmole per kilogram" message="OK"/>
    <ucum unit="osm/L" displayName="osmole per liter" message="OK"/>
    <ucum unit="[oz_av]" displayName="ounce (US and British)" message="OK"/>
    <ucum unit="{Pan_Bio'U}" displayName="panbio unit" message="OK"/>
    <ucum unit="[ppb]" displayName="part per billion" message="OK"/>
    <ucum unit="[ppm]" displayName="part per million" message="OK"/>
    <ucum unit="[ppm]{v/v}" displayName="part per million in volume per volume" message="OK"/>
    <ucum unit="[ppth]" displayName="part per thousand" message="OK"/>
    <ucum unit="[ppt]" displayName="part per trillion" message="OK"/>
    <ucum unit="Pa" displayName="Pascal" message="OK"/>
    <ucum unit="/10*10" displayName="per 10 billion  " message="OK"/>
    <ucum unit="/10*4{RBCs}" displayName="per 10 thousand red blood cells" message="OK"/>
    <ucum unit="/100" displayName="per 100" message="OK"/>
    <ucum unit="/100{cells}" displayName="per 100 cells" message="OK"/>
    <ucum unit="/100{neutrophils}" displayName="per 100 neutrophils" message="OK"/>
    <ucum unit="/100{spermatozoa}" displayName="per 100 spermatozoa" message="OK"/>
    <ucum unit="/100{WBCs}" displayName="per 100 white blood cells" message="OK"/>
    <ucum unit="/[arb'U]" displayName="per arbitrary unit" message="OK"/>
    <ucum unit="/10*9" displayName="per billion" message="OK"/>
    <ucum unit="/cm[H2O]" displayName="per centimeter of water" message="OK"/>
    <ucum unit="/m3" displayName="per cubic meter" message="OK"/>
    <ucum unit="/d" displayName="per day" message="OK"/>
    <ucum unit="/dL" displayName="per deciliter" message="OK"/>
    <ucum unit="/{entity}" displayName="per entity" message="OK"/>
    <ucum unit="/U" displayName="per enzyme unit" message="OK"/>
    <ucum unit="/g" displayName="per gram" message="OK"/>
    <ucum unit="/g{creat}" displayName="per gram of creatinine" message="OK"/>
    <ucum unit="/g{Hb}" displayName="per gram of hemoglobin" message="OK"/>
    <ucum unit="/g{tot_nit}" displayName="per gram of total nitrogen" message="OK"/>
    <ucum unit="/g{tot_prot}" displayName="per gram of total protein" message="OK"/>
    <ucum unit="/g{wet_tis}" displayName="per gram of wet tissue" message="OK"/>
    <ucum unit="/[HPF]" displayName="per high power field" message="OK"/>
    <ucum unit="/h" displayName="per hour" message="OK"/>
    <ucum unit="/[IU]" displayName="per international unit" message="OK"/>
    <ucum unit="/kg" displayName="per kilogram" message="OK"/>
    <ucum unit="/kg{body_wt}" displayName="per kilogram of body weight" message="OK"/>
    <ucum unit="/L" displayName="per liter" message="OK"/>
    <ucum unit="/[LPF]" displayName="per low power field" message="OK"/>
    <ucum unit="/uL" displayName="per microliter" message="OK"/>
    <ucum unit="/mg" displayName="per milligram" message="OK"/>
    <ucum unit="/mL" displayName="per milliliter" message="OK"/>
    <ucum unit="/mm" displayName="per millimeter" message="OK"/>
    <ucum unit="/mmol{creat}" displayName="per millimole of creatinine" message="OK"/>
    <ucum unit="/10*6" displayName="per million" message="OK"/>
    <ucum unit="/min" displayName="per minute" message="OK"/>
    <ucum unit="/mo" displayName="per month" message="OK"/>
    <ucum unit="/{OIF}" displayName="per oil immersion field" message="OK"/>
    <ucum unit="/s" displayName="per second" message="OK"/>
    <ucum unit="/m2" displayName="per square meter" message="OK"/>
    <ucum unit="/10*3" displayName="per thousand" message="OK"/>
    <ucum unit="/10*3.{RBCs}" displayName="per thousand red blood cells" message="OK"/>
    <ucum unit="/10*12" displayName="per trillion " message="OK"/>
    <ucum unit="/10*12{RBCs}" displayName="per trillion red blood cells" message="OK"/>
    <ucum unit="/(12.h)" displayName="per twelve hour" message="OK"/>
    <ucum unit="/wk" displayName="per week" message="OK"/>
    <ucum unit="/a" displayName="per year" message="OK"/>
    <ucum unit="%" displayName="percent" message="OK"/>
    <ucum unit="%{loss_AChR}" displayName="percent loss of acetylcholine receptor" message="OK"/>
    <ucum unit="%{penetration}" displayName="percent penetration" message="OK"/>
    <ucum unit="%{abnormal}" displayName="percent abnormal" message="OK"/>
    <ucum unit="%{activity}" displayName="percent activity" message="OK"/>
    <ucum unit="%{aggregation}" displayName="percent aggregation" message="OK"/>
    <ucum unit="%{at_60_min}" displayName="percent at 60 minute" message="OK"/>
    <ucum unit="%{basal_activity}" displayName="percent basal activity" message="OK"/>
    <ucum unit="%{binding}" displayName="percent binding" message="OK"/>
    <ucum unit="%{blockade}" displayName="percent blockade" message="OK"/>
    <ucum unit="%{blocked}" displayName="percent blocked" message="OK"/>
    <ucum unit="%{bound}" displayName="percent bound" message="OK"/>
    <ucum unit="%{breakdown}" displayName="percent breakdown" message="OK"/>
    <ucum unit="%{vol}" displayName="percent by volume" message="OK"/>
    <ucum unit="%{deficient}" displayName="percent deficient" message="OK"/>
    <ucum unit="%{dose}" displayName="percent dose" message="OK"/>
    <ucum unit="%{excretion}" displayName="percent excretion" message="OK"/>
    <ucum unit="%{Hb}" displayName="percent hemoglobin" message="OK"/>
    <ucum unit="%{hemolysis}" displayName="percent hemolysis" message="OK"/>
    <ucum unit="%{index}" displayName="percent index" message="OK"/>
    <ucum unit="%{inhibition}" displayName="percent inhibition" message="OK"/>
    <ucum unit="%{loss}" displayName="percent loss" message="OK"/>
    <ucum unit="%{lysis}" displayName="percent lysis" message="OK"/>
    <ucum unit="%{normal}" displayName="percent normal" message="OK"/>
    <ucum unit="%{normal_pooled_plasma}" displayName="percent normal pooled plasma" message="OK"/>
    <ucum unit="%{bacteria}" displayName="percent of bacteria" message="OK"/>
    <ucum unit="%{baseline}" displayName="percent of baseline" message="OK"/>
    <ucum unit="%{cells}" displayName="percent of cells" message="OK"/>
    <ucum unit="%{RBCs}" displayName="percent of red blood cells" message="OK"/>
    <ucum unit="%{WBCs}" displayName="percent of white blood cells" message="OK"/>
    <ucum unit="%{positive}" displayName="percent positive" message="OK"/>
    <ucum unit="%{reactive}" displayName="percent reactive" message="OK"/>
    <ucum unit="%{recovery}" displayName="percent recovery" message="OK"/>
    <ucum unit="%{reference}" displayName="percent reference" message="OK"/>
    <ucum unit="%{residual}" displayName="percent residual" message="OK"/>
    <ucum unit="%{saturation}" displayName="percent saturation" message="OK"/>
    <ucum unit="%{total}" displayName="percent total" message="OK"/>
    <ucum unit="%{uptake}" displayName="percent uptake" message="OK"/>
    <ucum unit="%{viable}" displayName="percent viable" message="OK"/>
    <ucum unit="{percentile}" displayName="percentile" message="OK"/>
    <ucum unit="[pH]" displayName="pH" message="OK"/>
    <ucum unit="{phenotype}" displayName="phenotype" message="OK"/>
    <ucum unit="pA" displayName="picoampere" message="OK"/>
    <ucum unit="pg" displayName="picogram" message="OK"/>
    <ucum unit="pg/{cell}" displayName="picogram per cell" message="OK"/>
    <ucum unit="pg/dL" displayName="picogram per deciliter" message="OK"/>
    <ucum unit="pg/L" displayName="picogram per liter" message="OK"/>
    <ucum unit="pg/mg" displayName="picogram per milligram" message="OK"/>
    <ucum unit="pg/mg{creat}" displayName="picogram per milligram of creatinine" message="OK"/>
    <ucum unit="pg/mL" displayName="picogram per milliliter" message="OK"/>
    <ucum unit="pg/mm" displayName="picogram per millimeter" message="OK"/>
    <ucum unit="pg/{RBC}" displayName="picogram per red blood cell" message="OK"/>
    <ucum unit="pkat" displayName="picokatal" message="OK"/>
    <ucum unit="pL" displayName="picoliter" message="OK"/>
    <ucum unit="pm" displayName="picometer" message="OK"/>
    <ucum unit="pmol" displayName="picomole" message="OK"/>
    <ucum unit="pmol/(24.h)" displayName="picomole per 24 hour" message="OK"/>
    <ucum unit="pmol/d" displayName="picomole per day" message="OK"/>
    <ucum unit="pmol/dL" displayName="picomole per deciliter" message="OK"/>
    <ucum unit="pmol/g" displayName="picomole per gram" message="OK"/>
    <ucum unit="pmol/h/mg{protein}" displayName="picomole per hour per milligram of protein" message="OK"/>
    <ucum unit="pmol/h/mL" displayName="picomole per hour per milliliter " message="OK"/>
    <ucum unit="pmol/L" displayName="picomole per liter" message="OK"/>
    <ucum unit="pmol/umol" displayName="picomole per micromole" message="OK"/>
    <ucum unit="pmol/umol{creat}" displayName="picomole per micromole of creatinine" message="OK"/>
    <ucum unit="pmol/mg{protein}" displayName="picomole per milligram of protein" message="OK"/>
    <ucum unit="pmol/mL" displayName="picomole per milliliter" message="OK"/>
    <ucum unit="pmol/mmol{creat}" displayName="picomole per millimole of creatinine" message="OK"/>
    <ucum unit="pmol/min" displayName="picomole per minute" message="OK"/>
    <ucum unit="pmol/min/mg{protein}" displayName="picomole per minute per milligram of protein" message="OK"/>
    <ucum unit="pmol/{RBC}" displayName="picomole per red blood cell" message="OK"/>
    <ucum unit="ps" displayName="picosecond" message="OK"/>
    <ucum unit="pT" displayName="picotesla" message="OK"/>
    <ucum unit="[pt_us]" displayName="pint (US)" message="OK"/>
    <ucum unit="[lb_av]" displayName="pound (US and British)" message="OK"/>
    <ucum unit="[psi]" displayName="pound per square inch" message="OK"/>
    <ucum unit="[qt_us]" displayName="quart (US)" message="OK"/>
    <ucum unit="{ratio}" displayName="ratio" message="OK"/>
    <ucum unit="{RBC}/uL" displayName="red blood cell per microliter" message="OK"/>
    <ucum unit="%{relative}" displayName="relative percent" message="OK"/>
    <ucum unit="{relative_saturation}" displayName="relative saturation" message="OK"/>
    <ucum unit="{Rubella_virus}" displayName="rubella virus" message="OK"/>
    <ucum unit="{saturation}" displayName="saturation" message="OK"/>
    <ucum unit="s" displayName="second" message="OK"/>
    <ucum unit="s/{control}" displayName="second per control" message="OK"/>
    <ucum unit="{shift}" displayName="shift" message="OK"/>
    <ucum unit="S" displayName="Siemens" message="OK"/>
    <ucum unit="Sv" displayName="Sievert" message="OK"/>
    <ucum unit="{s_co_ratio}" displayName="signal to cutoff ratio" message="OK"/>
    <ucum unit="{spermatozoa}/mL" displayName="spermatozoa per milliliter" message="OK"/>
    <ucum unit="cm2" displayName="square centimeter" message="OK"/>
    <ucum unit="cm2/s" displayName="square centimeter per second" message="OK"/>
    <ucum unit="dm2/s2" displayName="square decimeter per square second" message="OK"/>
    <ucum unit="[sft_i]" displayName="square foot (international)" message="OK"/>
    <ucum unit="[sin_i]" displayName="square inch (international)" message="OK"/>
    <ucum unit="m2" displayName="square meter" message="OK"/>
    <ucum unit="m2/s" displayName="square meter per second" message="OK"/>
    <ucum unit="mm2" displayName="square millimeter" message="OK"/>
    <ucum unit="[syd_i]" displayName="square yard (international)" message="OK"/>
    <ucum unit="{STDV}" displayName="standard deviation" message="OK"/>
    <ucum unit="[tbs_us]" displayName="tablespoon (US)" message="OK"/>
    <ucum unit="[tsp_us]" displayName="teaspoon (US)" message="OK"/>
    <ucum unit="T" displayName="Tesla" message="OK"/>
    <ucum unit="10*3" displayName="thousand" message="OK"/>
    <ucum unit="10*3{copies}/mL" displayName="thousand copies per milliliter" message="OK"/>
    <ucum unit="10*3/L" displayName="thousand per liter" message="OK"/>
    <ucum unit="10*3/uL" displayName="thousand per microliter" message="OK"/>
    <ucum unit="10*3/mL" displayName="thousand per milliliter" message="OK"/>
    <ucum unit="10*3{RBCs}" displayName="thousand red blood cells" message="OK"/>
    <ucum unit="{TSI_index}" displayName="thyroid-stimulating immunoglobulin index" message="OK"/>
    <ucum unit="{titer}" displayName="titer" message="OK"/>
    <ucum unit="[todd’U]" displayName="Todd unit" message="OK"/>
    <ucum unit="Torr" displayName="Torr" message="OK"/>
    <ucum unit="10*12/L" displayName="trillion per liter" message="OK"/>
    <ucum unit="[oz_tr]" displayName="Troy ounce" message="OK"/>
    <ucum unit="[tb'U]" displayName="tuberculin unit" message="OK"/>
    <ucum unit="V" displayName="volt" message="OK"/>
    <ucum unit="Wb" displayName="Weber" message="OK"/>
    <ucum unit="wk" displayName="week" message="OK"/>
    <ucum unit="{WBCs}" displayName="white blood cells" message="OK"/>
    <ucum unit="[yd_i]" displayName="yard (international)" message="OK"/>
    <ucum unit="a" displayName="year" message="OK"/>
</ucums>