<?xml version="1.0" encoding="UTF-8"?>
<valueSets xmlns="urn:hl7-org:v3" xmlns:local="http://art-decor.org/functions" xmlns:hl7="urn:hl7-org:v3" xmlns:sch="http://purl.oclc.org/dsdl/schematron">
    <valueSet xmlns="" id="1.2.250.1.213.1.1.5.621" name="JDV_ImmunizationApproachSiteCode-CISIS" displayName="JDV_ImmunizationApproachSiteCode-CISIS" statusCode="final" versionLabel="1.0" effectiveDate="2022-12-02T11:29:00" ident="CI-SIS-JDV-" url="https://o3sis.esante.gouv.fr/decor/services/" referencedFrom="CR-Anesthesie-">
        <sourceCodeSystem id="2.16.840.1.113883.6.96" identifierName="SNOMED&#160;Clinical&#160;Terms" canonicalUri="http://snomed.info/sct" canonicalUriDSTU2="http://snomed.info/sct" canonicalUriSTU3="http://snomed.info/sct" canonicalUriR4="http://snomed.info/sct"/>
        <publishingAuthority name="nma"/>
        <copyright language="en-US">This artefact includes content from SNOMED Clinical Terms® (SNOMED CT®) which is copyright of the International Health Terminology Standards Development Organisation (IHTSDO). Implementers of these artefacts must have the appropriate SNOMED CT Affiliate license - for more information contact http://www.snomed.org/snomed-ct/getsnomed-ct or info@snomed.org.</copyright>
        <conceptList>
            <concept code="46862004" codeSystem="2.16.840.1.113883.6.96" displayName="fesse" level="0" type="L"/>
            <concept code="16217701000119102" codeSystem="2.16.840.1.113883.6.96" displayName="deltoïde gauche" level="0" type="L"/>
            <concept code="61396006" codeSystem="2.16.840.1.113883.6.96" displayName="cuisse gauche" level="0" type="L"/>
            <concept code="16217661000119109" codeSystem="2.16.840.1.113883.6.96" displayName="deltoïde droit" level="0" type="L"/>
            <concept code="11207009" codeSystem="2.16.840.1.113883.6.96" displayName="cuisse droite" level="0" type="L"/>
        </conceptList>
    </valueSet>
</valueSets>