<?xml version="1.0" encoding="UTF-8"?>
<valueSets xmlns="urn:hl7-org:v3" xmlns:local="http://art-decor.org/functions" xmlns:hl7="urn:hl7-org:v3" xmlns:sch="http://purl.oclc.org/dsdl/schematron">
    <valueSet xmlns="" id="1.2.250.1.213.1.1.5.190" name="JDV_NIHSSSensInt-CISIS" displayName="JDV_NIHSSSensInt-CISIS" statusCode="final" versionLabel="1.0" effectiveDate="2022-11-17T14:58:54" ident="CI-SIS-JDV-" url="https://o3sis.esante.gouv.fr/decor/services/" referencedFrom="ASIP-AVC-EUNV-">
        <sourceCodeSystem id="2.16.840.1.113883.6.1" identifierName="Logical&#160;Observation&#160;Identifier&#160;Names&#160;and&#160;Codes" canonicalUri="http://loinc.org" canonicalUriDSTU2="http://loinc.org" canonicalUriSTU3="http://loinc.org" canonicalUriR4="http://loinc.org"/>
        <publishingAuthority name="Souad Ben Mustapha"/>
        <conceptList>
            <concept code="LA18468-1" codeSystem="2.16.840.1.113883.6.1" displayName="Normal" level="0" type="L"/>
            <concept code="LA18469-9" codeSystem="2.16.840.1.113883.6.1" displayName="Déficit sensitif discret à modéré ; du côté atteint, la piqûre est moins bien perçue ou non perçue mais le patient est conscient d'être touché." level="0" type="L"/>
            <concept code="LA18470-7" codeSystem="2.16.840.1.113883.6.1" displayName="Déficit sévère à total; le patient n'a pas conscience d'être touché au niveau de la face, du bras et de la jambe." level="0" type="L"/>
        </conceptList>
    </valueSet>
</valueSets>