<?xml version="1.0" encoding="UTF-8"?>
<valueSets xmlns="urn:hl7-org:v3" xmlns:local="http://art-decor.org/functions" xmlns:hl7="urn:hl7-org:v3" xmlns:sch="http://purl.oclc.org/dsdl/schematron">
    <valueSet xmlns="" id="1.2.250.1.213.1.1.5.187" name="JDV_NIHSSAtaxInt-CISIS" displayName="JDV_NIHSSAtaxInt-CISIS" statusCode="final" versionLabel="1.0" effectiveDate="2022-11-17T11:37:56" ident="CI-SIS-JDV-" url="https://o3sis.esante.gouv.fr/decor/services/" referencedFrom="ASIP-AVC-EUNV-">
        <sourceCodeSystem id="2.16.840.1.113883.6.1" identifierName="Logical&#160;Observation&#160;Identifier&#160;Names&#160;and&#160;Codes" canonicalUri="http://loinc.org" canonicalUriDSTU2="http://loinc.org" canonicalUriSTU3="http://loinc.org" canonicalUriR4="http://loinc.org"/>
        <publishingAuthority name="Souad Ben Mustapha"/>
        <conceptList>
            <concept code="LA9634-2" codeSystem="2.16.840.1.113883.6.1" displayName="Absente." level="0" type="L"/>
            <concept code="LA18466-5" codeSystem="2.16.840.1.113883.6.1" displayName="Présente pour un membre." level="0" type="L"/>
            <concept code="LA18467-3" codeSystem="2.16.840.1.113883.6.1" displayName="Présente pour deux membres." level="0" type="L"/>
            <concept code="LA18461-6" codeSystem="2.16.840.1.113883.6.1" displayName="Amputation, blocage articulaire (expliquer)" level="0" type="L"/>
        </conceptList>
    </valueSet>
</valueSets>