<?xml version="1.0" encoding="UTF-8"?>
<valueSets xmlns="urn:hl7-org:v3" xmlns:local="http://art-decor.org/functions" xmlns:hl7="urn:hl7-org:v3" xmlns:sch="http://purl.oclc.org/dsdl/schematron">
    <valueSet xmlns="" id="1.2.250.1.213.1.1.5.179" name="JDV_NIHSSConsInt-CISIS" displayName="JDV_NIHSSConsInt-CISIS" statusCode="final" versionLabel="1.0" effectiveDate="2022-11-17T14:56:44" ident="CI-SIS-JDV-" url="https://o3sis.esante.gouv.fr/decor/services/" referencedFrom="ASIP-AVC-EUNV-">
        <sourceCodeSystem id="2.16.840.1.113883.6.1" identifierName="Logical&#160;Observation&#160;Identifier&#160;Names&#160;and&#160;Codes" canonicalUri="http://loinc.org" canonicalUriDSTU2="http://loinc.org" canonicalUriSTU3="http://loinc.org" canonicalUriR4="http://loinc.org"/>
        <publishingAuthority name="Souad Ben Mustapha"/>
        <conceptList>
            <concept code="LA18436-8" codeSystem="2.16.840.1.113883.6.1" displayName="Vigilant, réagit vivement." level="0" type="L"/>
            <concept code="LA18437-6" codeSystem="2.16.840.1.113883.6.1" displayName="Non vigilant (somnolent),  mais réagit ou répond s'il est éveillé par une stimulation mineure." level="0" type="L"/>
            <concept code="LA18438-4" codeSystem="2.16.840.1.113883.6.1" displayName="Non vigilant; ne réagit qu'à des stimulations répétées, ou est inconscient et une stimulation intense ou douloureuse est nécessaire pour obtenir des mouvements autres que stéréotypés." level="0" type="L"/>
            <concept code="LA18439-2" codeSystem="2.16.840.1.113883.6.1" displayName="On obtient uniquement des réponses réflexes motrices ou végétatives ou le patient est totalement aréactif et flasque." level="0" type="L"/>
        </conceptList>
    </valueSet>
</valueSets>