<?xml version="1.0" encoding="UTF-8"?>
<valueSets xmlns="urn:hl7-org:v3" xmlns:local="http://art-decor.org/functions" xmlns:hl7="urn:hl7-org:v3" xmlns:sch="http://purl.oclc.org/dsdl/schematron">
    <valueSet xmlns="" id="1.2.250.1.213.1.1.5.186" name="JDV_NIHSSMiInt-CISIS" displayName="JDV_NIHSSMiInt-CISIS" statusCode="final" versionLabel="1.0" effectiveDate="2022-11-17T11:31:00" ident="CI-SIS-JDV-" url="https://o3sis.esante.gouv.fr/decor/services/" referencedFrom="ASIP-AVC-EUNV-">
        <sourceCodeSystem id="2.16.840.1.113883.6.1" identifierName="Logical&#160;Observation&#160;Identifier&#160;Names&#160;and&#160;Codes" canonicalUri="http://loinc.org" canonicalUriDSTU2="http://loinc.org" canonicalUriSTU3="http://loinc.org" canonicalUriR4="http://loinc.org"/>
        <publishingAuthority name="Souad Ben Mustapha"/>
        <conceptList>
            <concept code="LA18462-4" codeSystem="2.16.840.1.113883.6.1" displayName="Absence de chute; maintien du membre inférieur à 30° pendant 5 secondes." level="0" type="L"/>
            <concept code="LA18463-2" codeSystem="2.16.840.1.113883.6.1" displayName="Chute; la position ne peut être maintenue pendant 5 secondes mais le membre inférieur ne retombe pas sur le lit." level="0" type="L"/>
            <concept code="LA18464-0" codeSystem="2.16.840.1.113883.6.1" displayName="Le membre inférieur retombe sur le lit dans les 5 secondes mais le membre inférieur peut faire un certain mouvement contre la pesanteur." level="0" type="L"/>
            <concept code="LA18465-7" codeSystem="2.16.840.1.113883.6.1" displayName="Absence de mouvement contre la pesanteur; le membre inférieur tombe instantanément." level="0" type="L"/>
            <concept code="LA18460-8" codeSystem="2.16.840.1.113883.6.1" displayName="Absence de mouvement." level="0" type="L"/>
            <concept code="LA18461-6" codeSystem="2.16.840.1.113883.6.1" displayName="Amputation, blocage articulaire (expliquer)" level="0" type="L"/>
        </conceptList>
    </valueSet>
</valueSets>