<?xml version="1.0" encoding="UTF-8"?>
<valueSets xmlns="urn:hl7-org:v3" xmlns:local="http://art-decor.org/functions" xmlns:hl7="urn:hl7-org:v3" xmlns:sch="http://purl.oclc.org/dsdl/schematron">
    <valueSet xmlns="" id="1.2.250.1.213.1.1.5.185" name="JDV_NIHSSMsInt-CISIS" displayName="JDV_NIHSSMsInt-CISIS" statusCode="final" versionLabel="1.0" effectiveDate="2022-11-17T14:54:24" ident="CI-SIS-JDV-" url="https://o3sis.esante.gouv.fr/decor/services/" referencedFrom="ASIP-AVC-EUNV-">
        <sourceCodeSystem id="2.16.840.1.113883.6.1" identifierName="Logical&#160;Observation&#160;Identifier&#160;Names&#160;and&#160;Codes" canonicalUri="http://loinc.org" canonicalUriDSTU2="http://loinc.org" canonicalUriSTU3="http://loinc.org" canonicalUriR4="http://loinc.org"/>
        <publishingAuthority name="Souad Ben Mustapha"/>
        <conceptList>
            <concept code="LA18456-6" codeSystem="2.16.840.1.113883.6.1" displayName="Absence de chute; maintien du membre supérieur à 90° (ou 45°) pendant 10 secondes." level="0" type="L"/>
            <concept code="LA18457-4" codeSystem="2.16.840.1.113883.6.1" displayName="Chute; le membre supérieur chute en moins de 10 secondes mais sans atteindre le plan du lit ou un autre support." level="0" type="L"/>
            <concept code="LA18458-2" codeSystem="2.16.840.1.113883.6.1" displayName="Le membre supérieur ne peut pas atteindre ou maintenir 90° (ou 45°), tombe sur le lit mais peut faire un certain mouvement contre la pesanteur." level="0" type="L"/>
            <concept code="LA18459-0" codeSystem="2.16.840.1.113883.6.1" displayName="Aucun mouvement contre la pesanteur; le membre supérieur tombe." level="0" type="L"/>
            <concept code="LA18460-8" codeSystem="2.16.840.1.113883.6.1" displayName="Absence de mouvement." level="0" type="L"/>
            <concept code="LA18461-6" codeSystem="2.16.840.1.113883.6.1" displayName="Amputation, blocage articulaire (expliquer)" level="0" type="L"/>
        </conceptList>
    </valueSet>
</valueSets>