<?xml version="1.0" encoding="UTF-8"?>
<valueSets xmlns="urn:hl7-org:v3" xmlns:hl7="urn:hl7-org:v3" xmlns:sch="http://purl.oclc.org/dsdl/schematron" xmlns:local="http://art-decor.org/functions">
    <valueSet xmlns="" id="2.16.840.1.113883.1.11.10199" name="JDV_HL7_ActMoodIntent-CISIS" displayName="JDV_HL7_ActMoodIntent-CISIS" effectiveDate="2021-03-15T00:00:00" statusCode="final" versionLabel="1.0" ident="CI-SIS-JDV-" url="https://o3sis.esante.gouv.fr/decor/services/" referencedFrom="Dlu-">
        <sourceCodeSystem id="2.16.840.1.113883.5.1001" identifierName="Act&#160;Mood" canonicalUri="http://terminology.hl7.org/CodeSystem/v3-ActMood" canonicalUriDSTU2="http://hl7.org/fhir/v3/ActMood" canonicalUriSTU3="http://hl7.org/fhir/v3/ActMood" canonicalUriR4="http://terminology.hl7.org/CodeSystem/v3-ActMood"/>
        <publishingAuthority name="Medecin"/>
        <conceptList>
            <concept code="ARQ" displayName="Prévu mais non confirmé" codeSystem="2.16.840.1.113883.5.1001" level="0" type="L"/>
            <concept code="EVN" displayName="Réalisé" codeSystem="2.16.840.1.113883.5.1001" level="0" type="L"/>
            <concept code="PRMS" displayName="Planifié et confirmé" codeSystem="2.16.840.1.113883.5.1001" level="0" type="L"/>
        </conceptList>
    </valueSet>
</valueSets>