<?xml version="1.0" encoding="UTF-8"?>
<valueSets xmlns="urn:hl7-org:v3" xmlns:hl7="urn:hl7-org:v3" xmlns:sch="http://purl.oclc.org/dsdl/schematron" xmlns:local="http://art-decor.org/functions">
    <valueSet xmlns="" id="1.2.250.1.213.1.1.5.666" name="JDV_AbsentOrUnknownImmunization-CISIS" displayName="JDV_AbsentOrUnknownImmunization-CISIS" effectiveDate="2021-03-15T00:00:00" statusCode="final" versionLabel="1.0" ident="CI-SIS-JDV-" url="https://o3sis.esante.gouv.fr/decor/services/" referencedFrom="Dlu-">
        <sourceCodeSystem id="2.16.840.1.113883.5.1150.1" identifierName="" canonicalUri="urn:oid:2.16.840.1.113883.5.1150.1" canonicalUriDSTU2="urn:oid:2.16.840.1.113883.5.1150.1" canonicalUriSTU3="urn:oid:2.16.840.1.113883.5.1150.1" canonicalUriR4="urn:oid:2.16.840.1.113883.5.1150.1"/>
        <publishingAuthority name="Medecin"/>
        <conceptList>
            <concept code="no-immunization-info" displayName="Pas d'information sur les vaccins" codeSystem="2.16.840.1.113883.5.1150.1" level="0" type="L"/>
            <concept code="no-known-immunizations" displayName="Pas de vaccin connu" codeSystem="2.16.840.1.113883.5.1150.1" level="0" type="L"/>
        </conceptList>
    </valueSet>
</valueSets>