<?xml version="1.0" encoding="UTF-8"?>
<valueSets xmlns="urn:hl7-org:v3" xmlns:local="http://art-decor.org/functions" xmlns:hl7="urn:hl7-org:v3" xmlns:sch="http://purl.oclc.org/dsdl/schematron">
    <valueSet xmlns="" id="1.2.250.1.213.1.1.5.138" name="JDV_ParticipantAdditionnelResultat-CISIS" displayName="JDV_ParticipantAdditionnelResultat-CISIS" effectiveDate="2021-03-15T00:00:00" statusCode="final" versionLabel="1.0" ident="CI-SIS-JDV-" url="https://o3sis.esante.gouv.fr/decor/services/" referencedFrom="SyntheseSalleNaissanceMereOBPSNM-">
        <sourceCodeSystem id="2.16.840.1.113883.5.90" identifierName="ParticipationType" canonicalUri="http://terminology.hl7.org/CodeSystem/v3-ParticipationType" canonicalUriDSTU2="http://hl7.org/fhir/v3/ParticipationType" canonicalUriSTU3="http://hl7.org/fhir/v3/ParticipationType" canonicalUriR4="http://terminology.hl7.org/CodeSystem/v3-ParticipationType"/>
        <publishingAuthority name="medecin"/>
        <conceptList>
            <concept code="DEV" displayName="Dispositif automatique impliqué dans la production des résultats (ex : un analyseur)" codeSystem="2.16.840.1.113883.5.90" level="0" type="L"/>
            <concept code="AUTHEN" displayName="Valideur des résultats (ex : un biologiste ou un système expert)" codeSystem="2.16.840.1.113883.5.90" level="0" type="L"/>
            <concept code="RESP" displayName="Responsable de cet examen" codeSystem="2.16.840.1.113883.5.90" level="0" type="L"/>
            <concept code="ENT" displayName="Transcripteur du contenu à partir d'une autre forme (par exemple dictée vocale ou numérique)" codeSystem="2.16.840.1.113883.5.90" level="0" type="L"/>
        </conceptList>
    </valueSet>
</valueSets>