<?xml version="1.0" encoding="UTF-8"?>
<valueSets xmlns="urn:hl7-org:v3" xmlns:local="http://art-decor.org/functions" xmlns:hl7="urn:hl7-org:v3" xmlns:sch="http://purl.oclc.org/dsdl/schematron">
    <valueSet xmlns="" id="2.16.840.1.113883.5.4" name="TRE_R304-HL7v3ActCode" displayName="TRE_R304-HL7v3ActCode" effectiveDate="2021-03-15T00:00:00" statusCode="final" versionLabel="1.0" ident="CI-SIS-JDV-" url="https://o3sis.esante.gouv.fr/decor/services/" referencedFrom="SyntheseSalleNaissanceMereOBPSNM-">
        <sourceCodeSystem id="2.16.840.1.113883.5.4" identifierName="Act&#160;Code" canonicalUri="http://terminology.hl7.org/CodeSystem/v3-ActCode" canonicalUriDSTU2="http://hl7.org/fhir/v3/ActCode" canonicalUriSTU3="http://hl7.org/fhir/v3/ActCode" canonicalUriR4="http://terminology.hl7.org/CodeSystem/v3-ActCode"/>
        <publishingAuthority name="medecin"/>
        <conceptList>
            <concept code="IMP" displayName="Hospitalisation (établissement, y compris HAD)" codeSystem="2.16.840.1.113883.5.4" level="0" type="L"/>
            <concept code="EMER" displayName="Passage aux urgences (établissement)" codeSystem="2.16.840.1.113883.5.4" level="0" type="L"/>
            <concept code="AMB" displayName="Ambulatoire (hors établissement)" codeSystem="2.16.840.1.113883.5.4" level="0" type="L"/>
            <concept code="FLD" displayName="Terrain (voie publique, hélicoptère, ambulance, etc.)" codeSystem="2.16.840.1.113883.5.4" level="0" type="L"/>
            <concept code="HH" displayName="Soins à  domicile (hors établissement)" codeSystem="2.16.840.1.113883.5.4" level="0" type="L"/>
            <concept code="VR" displayName="Virtuelle (exemple : RCP en l'absence du patient)" codeSystem="2.16.840.1.113883.5.4" level="0" type="L"/>
        </conceptList>
    </valueSet>
</valueSets>