<?xml version="1.0" encoding="UTF-8"?>
<valueSets xmlns="urn:hl7-org:v3" xmlns:local="http://art-decor.org/functions" xmlns:hl7="urn:hl7-org:v3" xmlns:sch="http://purl.oclc.org/dsdl/schematron">
    <valueSet xmlns="" id="1.2.250.1.213.1.1.5.695" name="JDV_Radiopharmaceutique-CISIS" displayName="JDV_Radiopharmaceutique-CISIS" effectiveDate="2022-07-25T12:10:52" statusCode="draft" ident="CI-SIS-JDV-" url="https://o3sis.esante.gouv.fr/decor/services/" referencedFrom="BBR-">
        <sourceCodeSystem id="2.16.840.1.113883.6.96" identifierName="SNOMED&#160;Clinical&#160;Terms" canonicalUri="http://snomed.info/sct" canonicalUriDSTU2="http://snomed.info/sct" canonicalUriSTU3="http://snomed.info/sct" canonicalUriR4="http://snomed.info/sct"/>
        <publishingAuthority name="sbm"/>
        <copyright language="en-US">This artefact includes content from SNOMED Clinical Terms® (SNOMED CT®) which is copyright of the International Health Terminology Standards Development Organisation (IHTSDO). Implementers of these artefacts must have the appropriate SNOMED CT Affiliate license - for more information contact http://www.snomed.org/snomed-ct/getsnomed-ct or info@snomed.org.</copyright>
        <conceptList>
            <concept code="29348008" codeSystem="2.16.840.1.113883.6.96" displayName="Yb^169^-DTPA - pentetate" level="0" type="L"/>
        </conceptList>
    </valueSet>
</valueSets>