<?xml version="1.0" encoding="UTF-8"?>
<valueSets xmlns="urn:hl7-org:v3" xmlns:local="http://art-decor.org/functions" xmlns:hl7="urn:hl7-org:v3" xmlns:sch="http://purl.oclc.org/dsdl/schematron">
    <valueSet xmlns="" id="1.2.250.1.213.1.1.5.191" name="JDV_NIHSSDysInt-CISIS" displayName="JDV_NIHSSDysInt-CISIS" statusCode="final" versionLabel="1.0" effectiveDate="2022-11-17T14:59:42" ident="CI-SIS-JDV-" url="https://o3sis.esante.gouv.fr/decor/services/" referencedFrom="ASIP-AVC-">
        <sourceCodeSystem id="2.16.840.1.113883.6.1" identifierName="Logical&#160;Observation&#160;Identifier&#160;Names&#160;and&#160;Codes" canonicalUri="http://loinc.org" canonicalUriDSTU2="http://loinc.org" canonicalUriSTU3="http://loinc.org" canonicalUriR4="http://loinc.org"/>
        <publishingAuthority name="Souad Ben Mustapha"/>
        <conceptList>
            <concept code="LA6626-1" codeSystem="2.16.840.1.113883.6.1" displayName="Normal" level="0" type="L"/>
            <concept code="LA18475-6" codeSystem="2.16.840.1.113883.6.1" displayName="Discrète à modérée; le patient n'articule pas bien au moins quelques mots et, au pire, peut être compris avec quelques difficultés." level="0" type="L"/>
            <concept code="LA18476-4" codeSystem="2.16.840.1.113883.6.1" displayName="Sévère: le discours du patient est tellement mal articulé qu'il devient inintelligible en l'absence ou hors de proportion avec toute éventuelle aphasie ou est mutique, anarthrique." level="0" type="L"/>
            <concept code="LA18477-2" codeSystem="2.16.840.1.113883.6.1" displayName="Intubation, autre obstacle mécanique (expliquer)" level="0" type="L"/>
        </conceptList>
    </valueSet>
</valueSets>