<?xml version="1.0" encoding="UTF-8"?>
<valueSets xmlns="urn:hl7-org:v3" xmlns:local="http://art-decor.org/functions" xmlns:hl7="urn:hl7-org:v3" xmlns:sch="http://purl.oclc.org/dsdl/schematron">
    <valueSet xmlns="" id="1.2.250.1.213.1.1.5.686" name="JDV_HumanSubstanceAdministrationSite-CISIS" displayName="JDV_HumanSubstanceAdministrationSite-CISIS" effectiveDate="2021-03-15T00:00:00" statusCode="final" versionLabel="1.0" ident="CI-SIS-JDV-" url="https://o3sis.esante.gouv.fr/decor/services/" referencedFrom="ASIP-AVC-">
        <sourceCodeSystem id="" identifierName="" canonicalUri="" canonicalUriDSTU2="" canonicalUriSTU3="" canonicalUriR4=""/>
        <publishingAuthority name="Souad Ben Mustapha"/>
        <conceptList>
            <concept code="BE" displayName="dans les deux oreilles" codeSystem="" level="0" type="L"/>
            <concept code="BN" displayName="dans les deux narines" codeSystem="" level="0" type="L"/>
            <concept code="BU" displayName="fesse" codeSystem="" level="0" type="L"/>
            <concept code="LA" displayName="bras gauche" codeSystem="" level="0" type="L"/>
            <concept code="LAC" displayName="poitrine antérieure gauche" codeSystem="" level="0" type="L"/>
            <concept code="LACF" displayName="région cubitale antérieure gauche" codeSystem="" level="0" type="L"/>
            <concept code="LD" displayName="deltoïde gauche" codeSystem="" level="0" type="L"/>
            <concept code="LE" displayName="oreille gauche" codeSystem="" level="0" type="L"/>
            <concept code="LEJ" displayName="jugulaire externe gauche" codeSystem="" level="0" type="L"/>
            <concept code="LF" displayName="pied gauche" codeSystem="" level="0" type="L"/>
            <concept code="LG" displayName="muscle moyen fessier gauche" codeSystem="" level="0" type="L"/>
            <concept code="LH" displayName="main gauche" codeSystem="" level="0" type="L"/>
            <concept code="LIJ" displayName="jugulaire interne gauche" codeSystem="" level="0" type="L"/>
            <concept code="LLAQ" displayName="quadrant inférieur gauche de l'abdomen" codeSystem="" level="0" type="L"/>
            <concept code="LLFA" displayName="avant-bras inférieur gauche" codeSystem="" level="0" type="L"/>
            <concept code="LMFA" displayName="avant-bras moyen gauche" codeSystem="" level="0" type="L"/>
            <concept code="LN" displayName="narine gauche" codeSystem="" level="0" type="L"/>
            <concept code="LPC" displayName="poitrine postérieure gauche" codeSystem="" level="0" type="L"/>
            <concept code="LSC" displayName="sous-clavière gauche" codeSystem="" level="0" type="L"/>
            <concept code="LT" displayName="cuisse gauche" codeSystem="" level="0" type="L"/>
            <concept code="LUA" displayName="bras supérieur gauche" codeSystem="" level="0" type="L"/>
            <concept code="LUAQ" displayName="quadrant supérieur gauche de l'abdomen" codeSystem="" level="0" type="L"/>
            <concept code="LUFA" displayName="avant-bras supérieur gauche" codeSystem="" level="0" type="L"/>
            <concept code="LVG" displayName="muscle fessier antérieur gauche" codeSystem="" level="0" type="L"/>
            <concept code="LVL" displayName="muscle vaste externe gauche" codeSystem="" level="0" type="L"/>
            <concept code="OD" displayName="oeil droit" codeSystem="" level="0" type="L"/>
            <concept code="OS" displayName="oeil gauche" codeSystem="" level="0" type="L"/>
            <concept code="OU" displayName="dans les deux yeux" codeSystem="" level="0" type="L"/>
            <concept code="PA" displayName="péri-anal" codeSystem="" level="0" type="L"/>
            <concept code="PERIN" displayName="périnéal" codeSystem="" level="0" type="L"/>
            <concept code="RA" displayName="bras droit" codeSystem="" level="0" type="L"/>
            <concept code="RAC" displayName="poitrine antérieure droite" codeSystem="" level="0" type="L"/>
            <concept code="RACF" displayName="région cubitale antérieure droite" codeSystem="" level="0" type="L"/>
            <concept code="RD" displayName="deltoïde droit" codeSystem="" level="0" type="L"/>
            <concept code="RE" displayName="oreille droite" codeSystem="" level="0" type="L"/>
            <concept code="REJ" displayName="jugulaire externe droite" codeSystem="" level="0" type="L"/>
            <concept code="RF" displayName="pied droit" codeSystem="" level="0" type="L"/>
            <concept code="RG" displayName="muscle moyen fessier droite" codeSystem="" level="0" type="L"/>
            <concept code="RH" displayName="main droite" codeSystem="" level="0" type="L"/>
            <concept code="RIJ" displayName="jugulaire interne droite" codeSystem="" level="0" type="L"/>
            <concept code="RLAQ" displayName="quadrant inférieur droit de l'abdomen" codeSystem="" level="0" type="L"/>
            <concept code="RLFA" displayName="avant-bras inférieur droite" codeSystem="" level="0" type="L"/>
            <concept code="RMFA" displayName="avant-bras moyen droit" codeSystem="" level="0" type="L"/>
            <concept code="RN" displayName="narine droite" codeSystem="" level="0" type="L"/>
            <concept code="RPC" displayName="poitrine postérieure droite" codeSystem="" level="0" type="L"/>
            <concept code="RSC" displayName="sous-clavière droite" codeSystem="" level="0" type="L"/>
            <concept code="RT" displayName="cuisse droite" codeSystem="" level="0" type="L"/>
            <concept code="RUA" displayName="bras supérieur droit" codeSystem="" level="0" type="L"/>
            <concept code="RUAQ" displayName="quadrant supérieur droit de l'abdomen" codeSystem="" level="0" type="L"/>
            <concept code="RUFA" displayName="avant-bras supérieur droite" codeSystem="" level="0" type="L"/>
            <concept code="RVG" displayName="muscle fessier antérieur droit" codeSystem="" level="0" type="L"/>
            <concept code="RVL" displayName="muscle vaste externe droit" codeSystem="" level="0" type="L"/>
        </conceptList>
    </valueSet>
</valueSets>