<?xml version="1.0" encoding="UTF-8"?>
<valueSets xmlns="urn:hl7-org:v3" xmlns:local="http://art-decor.org/functions" xmlns:hl7="urn:hl7-org:v3" xmlns:sch="http://purl.oclc.org/dsdl/schematron">
    <valueSet xmlns="" id="1.2.250.1.213.1.1.5.188" name="JDV_NIHSSLangInt-CISIS" displayName="JDV_NIHSSLangInt-CISIS" statusCode="final" versionLabel="1.0" effectiveDate="2022-11-17T11:38:25" ident="CI-SIS-JDV-" url="https://o3sis.esante.gouv.fr/decor/services/" referencedFrom="ASIP-AVC-">
        <sourceCodeSystem id="2.16.840.1.113883.6.1" identifierName="Logical&#160;Observation&#160;Identifier&#160;Names&#160;and&#160;Codes" canonicalUri="http://loinc.org" canonicalUriDSTU2="http://loinc.org" canonicalUriSTU3="http://loinc.org" canonicalUriR4="http://loinc.org"/>
        <publishingAuthority name="Souad Ben Mustapha"/>
        <conceptList>
            <concept code="LA18471-5" codeSystem="2.16.840.1.113883.6.1" displayName="Normal, pas d'aphasie." level="0" type="L"/>
            <concept code="LA18472-3" codeSystem="2.16.840.1.113883.6.1" displayName="Aphasie discrète à modérée." level="0" type="L"/>
            <concept code="LA18473-1" codeSystem="2.16.840.1.113883.6.1" displayName="Aphasie sévère" level="0" type="L"/>
            <concept code="LA18474-9" codeSystem="2.16.840.1.113883.6.1" displayName="Mutisme; aphasie globale" level="0" type="L"/>
        </conceptList>
    </valueSet>
</valueSets>