<?xml version="1.0" encoding="UTF-8"?>
<valueSets xmlns="urn:hl7-org:v3" xmlns:local="http://art-decor.org/functions" xmlns:hl7="urn:hl7-org:v3" xmlns:sch="http://purl.oclc.org/dsdl/schematron">
    <valueSet xmlns="" id="1.2.250.1.213.1.1.5.184" name="JDV_NIHSSPfInt-CISIS" displayName="JDV_NIHSSPfInt-CISIS" statusCode="final" versionLabel="1.0" effectiveDate="2022-11-17T11:28:00" ident="CI-SIS-JDV-" url="https://o3sis.esante.gouv.fr/decor/services/" referencedFrom="ASIP-AVC-">
        <sourceCodeSystem id="2.16.840.1.113883.6.1" identifierName="Logical&#160;Observation&#160;Identifier&#160;Names&#160;and&#160;Codes" canonicalUri="http://loinc.org" canonicalUriDSTU2="http://loinc.org" canonicalUriSTU3="http://loinc.org" canonicalUriR4="http://loinc.org"/>
        <publishingAuthority name="Souad Ben Mustapha"/>
        <conceptList>
            <concept code="LA18452-5" codeSystem="2.16.840.1.113883.6.1" displayName="Mobilité normale, symétrique." level="0" type="L"/>
            <concept code="LA18453-3" codeSystem="2.16.840.1.113883.6.1" displayName="Paralysie mineure (effacement du sillon nasogénien, asymétrie du sourire)." level="0" type="L"/>
            <concept code="LA18454-1" codeSystem="2.16.840.1.113883.6.1" displayName="Paralysie partielle (paralysie de la partie inférieure de la face, totale ou subtotale)." level="0" type="L"/>
            <concept code="LA18455-8" codeSystem="2.16.840.1.113883.6.1" displayName="Paralysie complète (facial supérieur et inférieur)." level="0" type="L"/>
        </conceptList>
    </valueSet>
</valueSets>