<?xml version="1.0" encoding="UTF-8"?>
<valueSets xmlns="urn:hl7-org:v3" xmlns:local="http://art-decor.org/functions" xmlns:hl7="urn:hl7-org:v3" xmlns:sch="http://purl.oclc.org/dsdl/schematron">
    <valueSet xmlns="" id="1.2.250.1.213.1.1.5.189" name="JDV_NIHSSNeglInt-CISIS" displayName="JDV_NIHSSNeglInt-CISIS" statusCode="final" versionLabel="1.0" effectiveDate="2022-11-17T14:57:58" ident="CI-SIS-JDV-" url="https://o3sis.esante.gouv.fr/decor/services/" referencedFrom="ASIP-AVC-">
        <sourceCodeSystem id="2.16.840.1.113883.6.1" identifierName="Logical&#160;Observation&#160;Identifier&#160;Names&#160;and&#160;Codes" canonicalUri="http://loinc.org" canonicalUriDSTU2="http://loinc.org" canonicalUriSTU3="http://loinc.org" canonicalUriR4="http://loinc.org"/>
        <publishingAuthority name="Souad Ben Mustapha"/>
        <conceptList>
            <concept code="LA18478-0" codeSystem="2.16.840.1.113883.6.1" displayName="Normal" level="0" type="L"/>
            <concept code="LA18479-8" codeSystem="2.16.840.1.113883.6.1" displayName="Extinction ou négligence visuelle, tactile, auditive, spatiale ou personnelle à la stimulation bilatérale simultanée dans une des modalités." level="0" type="L"/>
            <concept code="LA18480-6" codeSystem="2.16.840.1.113883.6.1" displayName="Héminégligence sévère ou portant sur plus d'une modalité sensorielle. Ne reconnaît pas sa propre main ou ne s'oriente que vers un côté de l'espace." level="0" type="L"/>
        </conceptList>
    </valueSet>
</valueSets>