<?xml version="1.0" encoding="UTF-8"?>
<valueSets xmlns="urn:hl7-org:v3" xmlns:hl7="urn:hl7-org:v3" xmlns:sch="http://purl.oclc.org/dsdl/schematron" xmlns:local="http://art-decor.org/functions">
    <valueSet xmlns="" id="2.16.840.1.113883.5.25" name="JDV_HL7_Confidentiality-CISIS" displayName="JDV_HL7_Confidentiality-CISIS" effectiveDate="2021-03-15T00:00:00" statusCode="final" versionLabel="1.0" ident="CI-SIS-JDV-" url="https://o3sis.esante.gouv.fr/decor/services/" referencedFrom="ASIP-STRUCT-MIN-">
        <sourceCodeSystem id="2.16.840.1.113883.5.25" identifierName="Confidentiality" canonicalUri="http://terminology.hl7.org/CodeSystem/v3-Confidentiality" canonicalUriDSTU2="http://hl7.org/fhir/v3/Confidentiality" canonicalUriSTU3="http://hl7.org/fhir/v3/Confidentiality" canonicalUriR4="http://terminology.hl7.org/CodeSystem/v3-Confidentiality"/>
        <publishingAuthority name="ASIP Santé"/>
        <conceptList>
            <concept code="N" displayName="Normal" codeSystem="2.16.840.1.113883.5.25" level="0" type="L"/>
            <concept code="R" displayName="Restreint" codeSystem="2.16.840.1.113883.5.25" level="0" type="L"/>
            <concept code="V" displayName="Très restreint" codeSystem="2.16.840.1.113883.5.25" level="0" type="L"/>
        </conceptList>
    </valueSet>
</valueSets>