<?xml version="1.0" encoding="UTF-8"?>
<valueSets xmlns="urn:hl7-org:v3" xmlns:local="http://art-decor.org/functions" xmlns:hl7="urn:hl7-org:v3" xmlns:sch="http://purl.oclc.org/dsdl/schematron">
    <valueSet xmlns="" id="2.16.840.1.113883.1.11.19709" name="JDV_HL7_ActSubstanceAdministrationImmunizationCode-CISIS" displayName="JDV_HL7_ActSubstanceAdministrationImmunizationCode-CISIS" effectiveDate="2021-03-15T00:00:00" statusCode="final" versionLabel="1.0" ident="CI-SIS-JDV-" url="https://o3sis.esante.gouv.fr/decor/services/" referencedFrom="BBR-">
        <sourceCodeSystem id="2.16.840.1.113883.5.4" identifierName="Act&#160;Code" canonicalUri="http://terminology.hl7.org/CodeSystem/v3-ActCode" canonicalUriDSTU2="http://hl7.org/fhir/v3/ActCode" canonicalUriSTU3="http://hl7.org/fhir/v3/ActCode" canonicalUriR4="http://terminology.hl7.org/CodeSystem/v3-ActCode"/>
        <publishingAuthority name="ASIP Santé"/>
        <conceptList>
            <concept code="BOOSTER" displayName="Rappel de vaccin" codeSystem="2.16.840.1.113883.5.4" level="0" type="L"/>
            <concept code="IMMUNIZ" displayName="Vaccination sans autre précision" codeSystem="2.16.840.1.113883.5.4" level="0" type="L"/>
            <concept code="INITIMMUNIZ" displayName="1ère série vaccinante" codeSystem="2.16.840.1.113883.5.4" level="0" type="L"/>
        </conceptList>
    </valueSet>
</valueSets>