<?xml version="1.0" encoding="UTF-8"?>
<valueSets xmlns="urn:hl7-org:v3" xmlns:hl7="urn:hl7-org:v3" xmlns:sch="http://purl.oclc.org/dsdl/schematron" xmlns:local="http://art-decor.org/functions">
    <valueSet xmlns="" id="2.16.840.1.113883.1.11.16515" name="JDV_HL7_SpecimenRoleType-CISIS" displayName="JDV_HL7_SpecimenRoleType-CISIS" effectiveDate="2021-03-15T00:00:00" statusCode="final" versionLabel="1.0" ident="CI-SIS-JDV-" url="https://o3sis.esante.gouv.fr/decor/services/" referencedFrom="CR-GM-">
        <sourceCodeSystem id="2.16.840.1.113883.5.111" identifierName="Role&#160;Code" canonicalUri="http://terminology.hl7.org/CodeSystem/v3-RoleCode" canonicalUriDSTU2="http://hl7.org/fhir/v3/RoleCode" canonicalUriSTU3="http://hl7.org/fhir/v3/RoleCode" canonicalUriR4="http://terminology.hl7.org/CodeSystem/v3-RoleCode"/>
        <publishingAuthority name="Medecin"/>
        <conceptList>
            <concept code="C" displayName="Spécimen utilisé pour les paramètres d'étalonnage initiaux d'un instrument" codeSystem="2.16.840.1.113883.5.111" level="0" type="L"/>
            <concept code="G" displayName="Ensemble d'échantillons de patients dans lequel les individus du groupe peuvent ou non être identifiés." codeSystem="2.16.840.1.113883.5.111" level="0" type="L"/>
            <concept code="L" displayName="Aliquot d'échantillons individuels combinés pour former un seul spécimen représentant tous les individus inclus." codeSystem="2.16.840.1.113883.5.111" level="0" type="L"/>
            <concept code="P" displayName="Spécimen prélevé sur un patient" codeSystem="2.16.840.1.113883.5.111" level="0" type="L"/>
        </conceptList>
    </valueSet>
</valueSets>