<?xml version="1.0" encoding="UTF-8"?>
<valueSets xmlns="urn:hl7-org:v3" xmlns:local="http://art-decor.org/functions" xmlns:hl7="urn:hl7-org:v3" xmlns:sch="http://purl.oclc.org/dsdl/schematron">
    <valueSet xmlns="" id="1.2.250.1.213.1.1.5.11.120" name="JDV_J141-RoleClass-CISIS" displayName="JDV_J141-RoleClass-CISIS" effectiveDate="2022-12-14T11:09:33" statusCode="draft" versionLabel="1.0" ident="CI-SIS-JDV-" url="https://o3sis.esante.gouv.fr/decor/services/" referencedFrom="DLU-FLUDT-">
        <sourceCodeSystem id="2.16.840.1.113883.5.110" identifierName="Role&#160;Class" canonicalUri="http://terminology.hl7.org/CodeSystem/v3-RoleClass" canonicalUriDSTU2="http://hl7.org/fhir/v3/RoleClass" canonicalUriSTU3="http://hl7.org/fhir/v3/RoleClass" canonicalUriR4="http://terminology.hl7.org/CodeSystem/v3-RoleClass"/>
        <publishingAuthority name="La personne qui a rempli la fiche"/>
        <conceptList>
            <concept code="PROV" codeSystem="2.16.840.1.113883.5.110" displayName="Professionnel de santé" level="0" type="L"/>
            <concept code="AGNT" codeSystem="2.16.840.1.113883.5.110" displayName="Professionnel caractérisé par son rôle" level="0" type="L"/>
        </conceptList>
    </valueSet>
</valueSets>