<?xml version="1.0" encoding="UTF-8"?>
<valueSets xmlns="urn:hl7-org:v3" xmlns:hl7="urn:hl7-org:v3" xmlns:sch="http://purl.oclc.org/dsdl/schematron" xmlns:local="http://art-decor.org/functions">
    <valueSet xmlns="" id="2.16.840.1.113883.1.11.1" name="JDV_HL7_AdministrativeGender-CISIS" displayName="JDV_HL7_AdministrativeGender-CISIS" effectiveDate="2022-09-28T16:49:40" statusCode="draft" versionLabel="1.0" ident="CI-SIS-JDV-" url="https://o3sis.esante.gouv.fr/decor/services/" referencedFrom="CSE-CS8-">
        <sourceCodeSystem id="2.16.840.1.113883.5.1" identifierName="Administrative&#160;Gender" canonicalUri="http://terminology.hl7.org/CodeSystem/v3-AdministrativeGender" canonicalUriDSTU2="http://hl7.org/fhir/v3/AdministrativeGender" canonicalUriSTU3="http://hl7.org/fhir/v3/AdministrativeGender" canonicalUriR4="http://terminology.hl7.org/CodeSystem/v3-AdministrativeGender"/>
        <publishingAuthority name="Medecin"/>
        <conceptList>
            <concept code="F" codeSystem="2.16.840.1.113883.5.1" displayName="Féminin" level="0" type="L"/>
            <concept code="M" codeSystem="2.16.840.1.113883.5.1" displayName="Masculin" level="0" type="L"/>
            <concept code="UN" codeSystem="2.16.840.1.113883.5.1" displayName="Indeterminé" level="0" type="L"/>
        </conceptList>
    </valueSet>
</valueSets>