<?xml version="1.0" encoding="UTF-8"?>
<valueSets xmlns="urn:hl7-org:v3" xmlns:local="http://art-decor.org/functions" xmlns:hl7="urn:hl7-org:v3" xmlns:sch="http://purl.oclc.org/dsdl/schematron">
    <valueSet xmlns="" id="1.2.250.1.213.1.1.5.528" name="JDV_J140-EncounterParticipationType-CISIS" displayName="JDV_J140-EncounterParticipationType-CISIS" effectiveDate="2021-03-15T00:00:00" statusCode="final" versionLabel="1.0" ident="CI-SIS-JDV-" url="https://o3sis.esante.gouv.fr/decor/services/" referencedFrom="CSE-CS9-">
        <sourceCodeSystem id="2.16.840.1.113883.5.90" identifierName="ParticipationType" canonicalUri="http://terminology.hl7.org/CodeSystem/v3-ParticipationType" canonicalUriDSTU2="http://hl7.org/fhir/v3/ParticipationType" canonicalUriSTU3="http://hl7.org/fhir/v3/ParticipationType" canonicalUriR4="http://terminology.hl7.org/CodeSystem/v3-ParticipationType"/>
        <publishingAuthority name="Medecin"/>
        <conceptList>
            <concept code="ADM" displayName="Responsable de l'admission" codeSystem="2.16.840.1.113883.5.90" level="0" type="L"/>
            <concept code="ATND" displayName="Superviseur / Responsable des soins" codeSystem="2.16.840.1.113883.5.90" level="0" type="L"/>
            <concept code="CON" displayName="Consultant" codeSystem="2.16.840.1.113883.5.90" level="0" type="L"/>
            <concept code="DIS" displayName="Responsable de la sortie" codeSystem="2.16.840.1.113883.5.90" level="0" type="L"/>
            <concept code="REF" displayName="Référent / Prescripteur" codeSystem="2.16.840.1.113883.5.90" level="0" type="L"/>
            <concept code="RESP" displayName="Responsable de l'acte" codeSystem="2.16.840.1.113883.5.90" level="0" type="L"/>
        </conceptList>
    </valueSet>
</valueSets>