<?xml version="1.0" encoding="UTF-8"?>
<valueSets xmlns="urn:hl7-org:v3" xmlns:local="http://art-decor.org/functions" xmlns:hl7="urn:hl7-org:v3" xmlns:sch="http://purl.oclc.org/dsdl/schematron">
    <valueSet xmlns="" id="1.2.250.1.213.1.1.5.621" name="JDV_ImmunizationApproachSiteCode-CISIS" displayName="JDV_ImmunizationApproachSiteCode-CISIS" effectiveDate="2021-03-15T00:00:00" statusCode="final" versionLabel="1.0" ident="CI-SIS-JDV-" url="https://o3sis.esante.gouv.fr/decor/services/" referencedFrom="PPS-CANCER-">
        <sourceCodeSystem id="2.16.840.1.113883.5.1052" identifierName="Act&#160;Site" canonicalUri="http://terminology.hl7.org/CodeSystem/v3-ActSite" canonicalUriDSTU2="http://hl7.org/fhir/v3/ActSite" canonicalUriSTU3="http://hl7.org/fhir/v3/ActSite" canonicalUriR4="http://terminology.hl7.org/CodeSystem/v3-ActSite"/>
        <publishingAuthority name="medecin"/>
        <conceptList>
            <concept code="BU" displayName="Fesse" codeSystem="2.16.840.1.113883.5.1052" level="0" type="L"/>
            <concept code="LD" displayName="Deltoïde gauche" codeSystem="2.16.840.1.113883.5.1052" level="0" type="L"/>
            <concept code="LT" displayName="Cuisse gauche" codeSystem="2.16.840.1.113883.5.1052" level="0" type="L"/>
            <concept code="RD" displayName="Deltoïde droit" codeSystem="2.16.840.1.113883.5.1052" level="0" type="L"/>
            <concept code="RT" displayName="Cuisse droite" codeSystem="2.16.840.1.113883.5.1052" level="0" type="L"/>
        </conceptList>
    </valueSet>
</valueSets>