<?xml version="1.0" encoding="UTF-8"?>
<valueSets xmlns="urn:hl7-org:v3" xmlns:local="http://art-decor.org/functions" xmlns:hl7="urn:hl7-org:v3" xmlns:sch="http://purl.oclc.org/dsdl/schematron">
    <valueSet xmlns="" id="2.16.840.1.113883.5.88" name="JDV_HL7_ParticipationFunction-CISIS" displayName="JDV_HL7_ParticipationFunction-CISIS" effectiveDate="2021-03-15T00:00:00" statusCode="final" versionLabel="1.0" ident="CI-SIS-JDV-" url="https://o3sis.esante.gouv.fr/decor/services/" referencedFrom="PPS-CANCER-">
        <sourceCodeSystem id="2.16.840.1.113883.5.88" identifierName="Participation&#160;Function" canonicalUri="http://terminology.hl7.org/CodeSystem/v3-ParticipationFunction" canonicalUriDSTU2="http://hl7.org/fhir/v3/ParticipationFunction" canonicalUriSTU3="http://hl7.org/fhir/v3/ParticipationFunction" canonicalUriR4="http://terminology.hl7.org/CodeSystem/v3-ParticipationFunction"/>
        <publishingAuthority name="medecin"/>
        <conceptList>
            <concept code="ADMPHYS" displayName="Responsable de l'admission" codeSystem="2.16.840.1.113883.5.88" level="0" type="L"/>
            <concept code="ATTPHYS" displayName="Référent - Responsable du patient dans la structure de soins" codeSystem="2.16.840.1.113883.5.88" level="0" type="L"/>
            <concept code="DISPHYS" displayName="Responsable de la sortie" codeSystem="2.16.840.1.113883.5.88" level="0" type="L"/>
            <concept code="PCP" displayName="Médecin traitant" codeSystem="2.16.840.1.113883.5.88" level="0" type="L"/>
        </conceptList>
    </valueSet>
</valueSets>