<?xml version="1.0" encoding="UTF-8"?>
<valueSets xmlns="urn:hl7-org:v3" xmlns:local="http://art-decor.org/functions" xmlns:hl7="urn:hl7-org:v3" xmlns:sch="http://purl.oclc.org/dsdl/schematron">
    <valueSet xmlns="" id="1.2.250.1.213.1.1.4.2.18" name="JDV_UFCV_EffetINR-CISIS" displayName="JDV_UFCV_EffetINR-CISIS" effectiveDate="2021-03-15T00:00:00" statusCode="final" versionLabel="1.0">
        <sourceCodeSystem id="2.16.840.1.113883.6.163" identifierName="MedDRA" canonicalUri="urn:oid:2.16.840.1.113883.6.163" canonicalUriDSTU2="urn:oid:2.16.840.1.113883.6.163" canonicalUriSTU3="urn:oid:2.16.840.1.113883.6.163" canonicalUriR4="urn:oid:2.16.840.1.113883.6.163"/>
        <publishingAuthority name="Stéphane Croci"/>
        <conceptList>
            <concept code="10022401" displayName="Diminution de l'INR" codeSystem="2.16.840.1.113883.6.163" level="0" type="L"/>
            <concept code="10022402" displayName="Augmentation de l'INR" codeSystem="2.16.840.1.113883.6.163" level="0" type="L"/>
        </conceptList>
    </valueSet>
</valueSets>