<?xml version="1.0" encoding="UTF-8"?>
<valueSets xmlns="urn:hl7-org:v3" xmlns:local="http://art-decor.org/functions" xmlns:hl7="urn:hl7-org:v3" xmlns:sch="http://purl.oclc.org/dsdl/schematron">
    <valueSet xmlns="" id="1.2.250.1.213.1.1.5.516" name="JDV_AccesArtere-CISIS" displayName="JDV_AccesArtere-CISIS" effectiveDate="2021-03-15T00:00:00" statusCode="final" versionLabel="1.0">
        <sourceCodeSystem id="2.16.840.1.113883.6.119" identifierName="Foundational&#160;Model&#160;of&#160;Anatomy&#160;Ontology" canonicalUri="urn:oid:2.16.840.1.113883.6.119" canonicalUriDSTU2="urn:oid:2.16.840.1.113883.6.119" canonicalUriSTU3="urn:oid:2.16.840.1.113883.6.119" canonicalUriR4="urn:oid:2.16.840.1.113883.6.119"/>
        <publishingAuthority name="Stéphane Croci"/>
        <conceptList>
            <concept code="70248" displayName="Artère fémorale" codeSystem="2.16.840.1.113883.6.119" level="0" type="L"/>
            <concept code="22730" displayName="Artère radiale" codeSystem="2.16.840.1.113883.6.119" level="0" type="L"/>
        </conceptList>
    </valueSet>
</valueSets>