<?xml version="1.0" encoding="UTF-8"?>
<valueSets xmlns="urn:hl7-org:v3" xmlns:local="http://art-decor.org/functions" xmlns:hl7="urn:hl7-org:v3" xmlns:sch="http://purl.oclc.org/dsdl/schematron">
    <valueSet xmlns="" id="1.2.250.1.213.1.1.5.665" name="JDV_AbsentOrUnknownProcedure-CISIS" displayName="JDV_AbsentOrUnknownProcedure-CISIS" effectiveDate="2021-03-15T00:00:00" statusCode="final" versionLabel="1.0">
        <sourceCodeSystem id="2.16.840.1.113883.5.1150.1" identifierName="" canonicalUri="urn:oid:2.16.840.1.113883.5.1150.1" canonicalUriDSTU2="urn:oid:2.16.840.1.113883.5.1150.1" canonicalUriSTU3="urn:oid:2.16.840.1.113883.5.1150.1" canonicalUriR4="urn:oid:2.16.840.1.113883.5.1150.1"/>
        <publishingAuthority name="Stéphane Croci"/>
        <conceptList>
            <concept code="no-procedure-info" displayName="Pas d'information sur les actes et interventions" codeSystem="2.16.840.1.113883.5.1150.1" level="0" type="L"/>
            <concept code="no-known-procedures" displayName="Pas d'acte ou intervention connu" codeSystem="2.16.840.1.113883.5.1150.1" level="0" type="L"/>
        </conceptList>
    </valueSet>
</valueSets>