<?xml version="1.0" encoding="UTF-8"?>
<valueSets xmlns="urn:hl7-org:v3" xmlns:local="http://art-decor.org/functions" xmlns:hl7="urn:hl7-org:v3" xmlns:sch="http://purl.oclc.org/dsdl/schematron">
    <valueSet xmlns="" id="1.2.250.1.213.1.1.5.105" name="JDV_VaccinCSE8-CISIS" displayName="JDV_VaccinCSE8-CISIS" statusCode="final" versionLabel="1.0" effectiveDate="2022-10-27T17:18:35">
        <sourceCodeSystem id="2.16.840.1.113883.6.73" identifierName="WHO&#160;Anatomical&#160;Therapeutic&#160;Chemical&#160;classification" canonicalUri="http://www.whocc.no/atc" canonicalUriDSTU2="http://www.whocc.no/atc" canonicalUriSTU3="http://www.whocc.no/atc" canonicalUriR4="http://www.whocc.no/atc"/>
        <publishingAuthority name="Stéphane Croci"/>
        <conceptList>
            <concept code="J07BC01" codeSystem="2.16.840.1.113883.6.73" displayName="Vaccin contre l'hépatite B" level="0" type="L"/>
            <concept code="J07AN" codeSystem="2.16.840.1.113883.6.73" displayName="Vaccin antituberculeux" level="0" type="L"/>
        </conceptList>
    </valueSet>
</valueSets>