<?xml version="1.0" encoding="UTF-8"?>
<valueSets xmlns="urn:hl7-org:v3" xmlns:local="http://art-decor.org/functions" xmlns:hl7="urn:hl7-org:v3" xmlns:sch="http://purl.oclc.org/dsdl/schematron">
    <valueSet xmlns="" id="1.2.250.1.213.1.1.5.143" name="JDV_ClasseTherapie-CISIS" displayName="JDV_ClasseTherapie-CISIS" effectiveDate="2021-03-15T00:00:00" statusCode="final" versionLabel="1.0">
        <sourceCodeSystem id="2.16.840.1.113883.6.73" identifierName="WHO&#160;Anatomical&#160;Therapeutic&#160;Chemical&#160;classification" canonicalUri="http://www.whocc.no/atc" canonicalUriDSTU2="http://www.whocc.no/atc" canonicalUriSTU3="http://www.whocc.no/atc" canonicalUriR4="http://www.whocc.no/atc"/>
        <publishingAuthority name="Stéphane Croci"/>
        <conceptList>
            <concept code="L01XC" displayName="Anticorps monoclonaux" codeSystem="2.16.840.1.113883.6.73" level="0" type="L"/>
            <concept code="L01XE" displayName="Inhibiteurs de la protéine kinase" codeSystem="2.16.840.1.113883.6.73" level="0" type="L"/>
            <concept code="L01XX" displayName="Autres agents antinéoplasiques" codeSystem="2.16.840.1.113883.6.73" level="0" type="L"/>
        </conceptList>
    </valueSet>
</valueSets>