<?xml version="1.0" encoding="UTF-8"?>
<valueSets xmlns="urn:hl7-org:v3" xmlns:local="http://art-decor.org/functions" xmlns:hl7="urn:hl7-org:v3" xmlns:sch="http://purl.oclc.org/dsdl/schematron">
    <valueSet xmlns="" id="1.2.250.1.213.1.1.5.167" name="JDV_TypeMigraine-CISIS" displayName="JDV_TypeMigraine-CISIS" effectiveDate="2021-03-15T00:00:00" statusCode="final" versionLabel="1.0">
        <sourceCodeSystem id="2.16.840.1.113883.6.3" identifierName="ICD10" canonicalUri="http://hl7.org/fhir/sid/icd-10" canonicalUriDSTU2="http://hl7.org/fhir/sid/icd-10" canonicalUriSTU3="http://hl7.org/fhir/sid/icd-10" canonicalUriR4="http://hl7.org/fhir/sid/icd-10"/>
        <publishingAuthority name="Stéphane Croci"/>
        <conceptList>
            <concept code="G43.1" displayName="migraine avec aura" codeSystem="2.16.840.1.113883.6.3" level="0" type="L"/>
            <concept code="G43.0" displayName="migraine sans aura" codeSystem="2.16.840.1.113883.6.3" level="0" type="L"/>
        </conceptList>
    </valueSet>
</valueSets>