<?xml version="1.0" encoding="UTF-8"?>
<valueSets xmlns="urn:hl7-org:v3" xmlns:hl7="urn:hl7-org:v3" xmlns:sch="http://purl.oclc.org/dsdl/schematron" xmlns:local="http://art-decor.org/functions">
    <valueSet xmlns="" id="1.2.250.1.213.1.1.5.504" name="JDV_ScoreBradenComponent-CISIS" displayName="JDV_ScoreBradenComponent-CISIS" effectiveDate="2021-03-15T00:00:00" statusCode="final" versionLabel="1.0" ident="CI-SIS-JDV-" url="https://o3sis.esante.gouv.fr/decor/services/" referencedFrom="FRCP-">
        <sourceCodeSystem id="2.16.840.1.113883.6.1" identifierName="Logical&#160;Observation&#160;Identifier&#160;Names&#160;and&#160;Codes" canonicalUri="http://loinc.org" canonicalUriDSTU2="http://loinc.org" canonicalUriSTU3="http://loinc.org" canonicalUriR4="http://loinc.org"/>
        <publishingAuthority name="Coordonnateur de session"/>
        <conceptList>
            <concept code="38222-6" displayName="Perception sensorielle" codeSystem="2.16.840.1.113883.6.1" level="0" type="L"/>
            <concept code="38229-1" displayName="Humidité" codeSystem="2.16.840.1.113883.6.1" level="0" type="L"/>
            <concept code="38224-2" displayName="Mobilité" codeSystem="2.16.840.1.113883.6.1" level="0" type="L"/>
            <concept code="38223-4" displayName="Activité" codeSystem="2.16.840.1.113883.6.1" level="0" type="L"/>
            <concept code="38225-9" displayName="Nutrition" codeSystem="2.16.840.1.113883.6.1" level="0" type="L"/>
            <concept code="38226-7" displayName="Friction et cisaillement" codeSystem="2.16.840.1.113883.6.1" level="0" type="L"/>
        </conceptList>
    </valueSet>
</valueSets>